left_x,left_y,right_x,right_y
nan,nan,0.6805413961410522,0.2761227786540985
nan,nan,0.6864783763885498,0.28624942898750305
nan,nan,0.6874062418937683,0.2895544469356537
nan,nan,0.670274555683136,0.270333468914032
nan,nan,0.6703487634658813,0.24654129147529602
nan,nan,0.6743378639221191,0.2545086741447449
nan,nan,0.6629092693328857,0.25933414697647095
nan,nan,0.6605042815208435,0.28283002972602844
nan,nan,0.6639131307601929,0.2734919786453247
nan,nan,0.6627113819122314,0.2695196568965912
nan,nan,0.6691624522209167,0.2825221121311188
nan,nan,0.6634784936904907,0.2561485767364502
nan,nan,0.6750520467758179,0.25926095247268677
nan,nan,0.6823723912239075,0.2637435793876648
nan,nan,0.6739693284034729,0.26257264614105225
nan,nan,0.6704905033111572,0.24474355578422546
nan,nan,0.6752808690071106,0.2624209225177765
nan,nan,0.6609749794006348,0.274152934551239
nan,nan,0.6497983932495117,0.26171278953552246
nan,nan,0.6579983830451965,0.2634267210960388
nan,nan,0.6579983830451965,0.2634267210960388
nan,nan,0.6424123644828796,0.28200483322143555
nan,nan,0.6424123644828796,0.28200483322143555
nan,nan,0.6644488573074341,0.27139151096343994
nan,nan,0.6644488573074341,0.27139151096343994
nan,nan,0.6381449699401855,0.2623353600502014
nan,nan,0.6598110198974609,0.25801464915275574
nan,nan,0.6689363121986389,0.25617676973342896
nan,nan,0.6826245188713074,0.29608744382858276
nan,nan,0.7053931355476379,0.29641661047935486
nan,nan,0.7599886059761047,0.3244835436344147
nan,nan,0.9330335855484009,0.47132405638694763
nan,nan,nan,nan
nan,nan,0.6798596382141113,0.27297577261924744
nan,nan,0.6798596382141113,0.27297577261924744
nan,nan,0.6748263239860535,0.25725293159484863
nan,nan,0.7401764988899231,0.2948209047317505
nan,nan,0.8959274888038635,0.3843576908111572
nan,nan,0.6719537973403931,0.28510957956314087
nan,nan,0.6852002739906311,0.2722722887992859
nan,nan,0.6912668347358704,0.2663930356502533
nan,nan,0.6798120141029358,0.27526596188545227
nan,nan,0.6798120141029358,0.27526596188545227
nan,nan,0.6934259533882141,0.25233888626098633
nan,nan,0.7131646871566772,0.2970248758792877
nan,nan,0.7179824709892273,0.3015516400337219
nan,nan,0.6942092776298523,0.27157169580459595
nan,nan,0.6899718642234802,0.29640892148017883
nan,nan,0.7152153849601746,0.3278210163116455
nan,nan,0.7082527279853821,0.3243732750415802
nan,nan,0.6843676567077637,0.2899385094642639
nan,nan,0.6588075160980225,0.31315672397613525
nan,nan,0.7495600581169128,0.34215065836906433
nan,nan,0.9529073238372803,0.40711677074432373
nan,nan,1.0813933610916138,0.41653990745544434
nan,nan,1.0813933610916138,0.41653990745544434
nan,nan,1.0136611461639404,0.3974701166152954
nan,nan,1.0136611461639404,0.3974701166152954
nan,nan,0.6237188577651978,0.20216743648052216
nan,nan,0.6664943099021912,0.2702673375606537
nan,nan,0.6814867854118347,0.2925857603549957
nan,nan,0.6792849898338318,0.2924535572528839
nan,nan,0.7250266075134277,0.3094475269317627
nan,nan,0.7152286767959595,0.31727135181427
nan,nan,0.7671955823898315,0.3436891436576843
nan,nan,0.9898018836975098,0.4166821539402008
nan,nan,0.781532883644104,0.373514860868454
nan,nan,0.7041624188423157,0.28748083114624023
nan,nan,0.7829062938690186,0.35015007853507996
nan,nan,1.1015642881393433,0.635087251663208
nan,nan,nan,nan
nan,nan,0.6833236217498779,0.25291600823402405
nan,nan,0.7983721494674683,0.28020843863487244
nan,nan,1.0677742958068848,0.3441174626350403
nan,nan,nan,nan
nan,nan,0.663690984249115,0.26057755947113037
nan,nan,0.7524486184120178,0.26904138922691345
nan,nan,0.949824333190918,0.2878629267215729
nan,nan,nan,nan
nan,nan,0.6903765797615051,0.24649997055530548
nan,nan,0.7462780475616455,0.2730329930782318
nan,nan,0.8817667961120605,0.33734118938446045
nan,nan,nan,nan
nan,nan,0.6989870071411133,0.25119495391845703
nan,nan,0.7777436971664429,0.30163297057151794
nan,nan,0.9701703786849976,0.4248685836791992
nan,nan,0.7694501876831055,0.24185743927955627
nan,nan,0.7126242518424988,0.26921674609184265
nan,nan,0.7210280895233154,0.3185083866119385
nan,nan,0.8006138205528259,0.4028617739677429
nan,nan,0.9268051385879517,0.2950938940048218
nan,nan,0.9268051385879517,0.2950938940048218
nan,nan,nan,nan
nan,nan,0.6626927852630615,0.2885167896747589
nan,nan,0.785610020160675,0.32300469279289246
nan,nan,1.0842212438583374,0.40678858757019043
nan,nan,nan,nan
nan,nan,0.6804747581481934,0.28832170367240906
nan,nan,0.6804747581481934,0.28832170367240906
nan,nan,0.6565210819244385,0.2816718816757202
nan,nan,0.6565210819244385,0.2816718816757202
nan,nan,0.6672292351722717,0.274541974067688
nan,nan,0.7322088479995728,0.300604909658432
nan,nan,0.8785589933395386,0.35930514335632324
nan,nan,1.033027172088623,0.9575607180595398
nan,nan,1.033027172088623,0.9575607180595398
nan,nan,nan,nan
nan,nan,0.6872900724411011,0.281789630651474
nan,nan,0.8149552345275879,0.3466889560222626
nan,nan,1.1672382354736328,0.5257740616798401
nan,nan,0.7733546495437622,0.3537764251232147
nan,nan,0.7153772115707397,0.29281243681907654
nan,nan,0.728247344493866,0.29644379019737244
nan,nan,0.7269902229309082,0.30450117588043213
nan,nan,0.6874421238899231,0.27683815360069275
nan,nan,0.6905181407928467,0.298698753118515
nan,nan,0.7664922475814819,0.36389976739883423
nan,nan,0.95567786693573,0.5262590646743774
nan,nan,0.9575495719909668,0.3731737732887268
nan,nan,0.9575495719909668,0.3731737732887268
nan,nan,0.8467527031898499,0.2827409505844116
nan,nan,0.7191420793533325,0.2812761664390564
nan,nan,0.6629956364631653,0.2806316912174225
nan,nan,0.6699461936950684,0.2832903563976288
nan,nan,0.6699461936950684,0.2832903563976288
nan,nan,0.6585719585418701,0.2817918658256531
nan,nan,0.6585719585418701,0.2817918658256531
nan,nan,0.66801917552948,0.2745829224586487
nan,nan,0.7886296510696411,0.3306156098842621
nan,nan,1.0930849313735962,0.47205817699432373
nan,nan,1.1512507200241089,0.5014854669570923
nan,nan,1.1512507200241089,0.5014854669570923
nan,nan,nan,nan
nan,nan,0.6874510645866394,0.30111467838287354
nan,nan,0.7462869882583618,0.3606845736503601
nan,nan,0.8788591623306274,0.4949105679988861
nan,nan,0.9471490383148193,0.523547887802124
nan,nan,0.9471490383148193,0.523547887802124
nan,nan,0.9588150382041931,0.49218490719795227
nan,nan,0.9588150382041931,0.49218490719795227
nan,nan,1.011067271232605,0.3218170702457428
nan,nan,1.011067271232605,0.3218170702457428
nan,nan,1.004014492034912,0.344577431678772
nan,nan,1.004014492034912,0.344577431678772
nan,nan,nan,nan
nan,nan,nan,nan
nan,nan,0.986603856086731,0.3241244852542877
nan,nan,0.986603856086731,0.3241244852542877
nan,nan,0.9015687108039856,0.3927600383758545
nan,nan,0.9015687108039856,0.3927600383758545
nan,nan,0.9975973963737488,0.41759151220321655
nan,nan,0.9975973963737488,0.41759151220321655
nan,nan,1.0788135528564453,0.3567623496055603
nan,nan,1.0788135528564453,0.3567623496055603
nan,nan,0.9676253795623779,0.3536073863506317
nan,nan,0.9676253795623779,0.3536073863506317
nan,nan,0.9372965693473816,0.3958982229232788
nan,nan,0.9372965693473816,0.3958982229232788
nan,nan,0.8160548806190491,0.25915688276290894
nan,nan,0.7246904373168945,0.260485976934433
nan,nan,0.7364643812179565,0.3141905665397644
nan,nan,0.8523635268211365,0.4346402883529663
nan,nan,0.9673734903335571,0.39101114869117737
nan,nan,0.9673734903335571,0.39101114869117737
nan,nan,1.0632927417755127,0.430224746465683
nan,nan,1.0632927417755127,0.430224746465683
nan,nan,0.7483176589012146,0.3770301938056946
nan,nan,0.7018996477127075,0.32601457834243774
nan,nan,0.680365264415741,0.302347332239151
nan,nan,0.6876140236854553,0.293597012758255
nan,nan,0.6876140236854553,0.293597012758255
nan,nan,0.6744580268859863,0.2886297404766083
nan,nan,0.7409538626670837,0.3287547528743744
nan,nan,0.8899024724960327,0.41863343119621277
nan,nan,nan,nan
nan,nan,0.6751223206520081,0.291856974363327
nan,nan,0.8246040344238281,0.3492114543914795
nan,nan,1.1830191612243652,0.4867313504219055
nan,nan,0.9811365604400635,0.3974873423576355
nan,nan,0.9811365604400635,0.3974873423576355
nan,nan,nan,nan
nan,nan,0.6596162915229797,0.2888990342617035
nan,nan,0.6596162915229797,0.2888990342617035
nan,nan,0.6787804365158081,0.313391774892807
nan,nan,0.7839270234107971,0.31978827714920044
nan,nan,1.025311827659607,0.3344727158546448
nan,nan,0.8640217185020447,0.3645279109477997
nan,nan,0.8640217185020447,0.3645279109477997
nan,nan,nan,nan
nan,nan,0.65840083360672,0.29932457208633423
nan,nan,0.7673209309577942,0.3525161147117615
nan,nan,1.0267385244369507,0.47920364141464233
nan,nan,nan,nan
nan,nan,0.6656399369239807,0.3183499574661255
nan,nan,0.730747401714325,0.3658250868320465
nan,nan,0.8769848346710205,0.4724586606025696
nan,nan,0.9525073170661926,0.4153311252593994
nan,nan,0.9525073170661926,0.4153311252593994
nan,nan,0.925757646560669,0.39741644263267517
nan,nan,0.925757646560669,0.39741644263267517
nan,nan,nan,nan
nan,nan,0.647626519203186,0.28868287801742554
nan,nan,0.647626519203186,0.28868287801742554
nan,nan,0.6062874794006348,0.29036611318588257
nan,nan,0.7511698007583618,0.3591560423374176
nan,nan,1.1983829736709595,0.5714921951293945
nan,nan,0.8864347338676453,0.3737636208534241
nan,nan,0.8864347338676453,0.3737636208534241
nan,nan,0.8303222060203552,0.41234248876571655
nan,nan,0.8303222060203552,0.41234248876571655
nan,nan,1.1063177585601807,0.42165806889533997
nan,nan,1.1063177585601807,0.42165806889533997
nan,nan,nan,nan
nan,nan,0.6163578629493713,0.277845174074173
nan,nan,0.6163578629493713,0.277845174074173
nan,nan,0.636377215385437,0.28204816579818726
nan,nan,0.636377215385437,0.28204816579818726
nan,nan,0.6355679035186768,0.27557235956192017
nan,nan,0.6355679035186768,0.27557235956192017
nan,nan,0.6481513977050781,0.2791302502155304
nan,nan,0.6481513977050781,0.2791302502155304
nan,nan,0.6115947365760803,0.3026292026042938
nan,nan,0.6115947365760803,0.3026292026042938
nan,nan,0.5901707410812378,0.2923940420150757
nan,nan,0.5901707410812378,0.2923940420150757
nan,nan,0.6136134266853333,0.30158543586730957
nan,nan,0.6136134266853333,0.30158543586730957
nan,nan,0.6227306127548218,0.3008802533149719
nan,nan,0.7275891900062561,0.42427942156791687
nan,nan,1.196487307548523,0.9760857820510864
nan,nan,0.9779168963432312,0.4185396432876587
nan,nan,0.9779168963432312,0.4185396432876587
nan,nan,0.9591454267501831,0.4487456977367401
nan,nan,0.9591454267501831,0.4487456977367401
nan,nan,nan,nan
nan,nan,0.6872579455375671,0.30588477849960327
nan,nan,0.6872579455375671,0.30588477849960327
nan,nan,0.6794047355651855,0.293852835893631
nan,nan,0.730212926864624,0.3097251057624817
nan,nan,0.8447622656822205,0.3455098569393158
nan,nan,nan,nan
nan,nan,0.6517175436019897,0.2799350321292877
nan,nan,0.6517175436019897,0.2799350321292877
nan,nan,0.6846752762794495,0.2948499619960785
nan,nan,0.8027423620223999,0.36053574085235596
nan,nan,1.0721435546875,0.5104151964187622
nan,nan,0.9845444560050964,0.2933775782585144
nan,nan,0.9845444560050964,0.2933775782585144
nan,nan,nan,nan
nan,nan,0.6638133525848389,0.296220600605011
nan,nan,0.6638133525848389,0.296220600605011
nan,nan,0.6618036031723022,0.301713228225708
nan,nan,0.6618036031723022,0.301713228225708
nan,nan,0.6645045876502991,0.25822293758392334
nan,nan,0.6645045876502991,0.25822293758392334
nan,nan,nan,nan
nan,nan,0.7894803285598755,0.3459416329860687
nan,nan,0.7060689330101013,0.2901039123535156
nan,nan,0.667245090007782,0.26411423087120056
nan,nan,0.669349193572998,0.2987690269947052
nan,nan,0.6810376048088074,0.3083285689353943
nan,nan,0.6804153323173523,0.3058929145336151
nan,nan,0.6684461236000061,0.29523414373397827
nan,nan,0.6683278679847717,0.3027260899543762
nan,nan,0.6683278679847717,0.3027260899543762
nan,nan,0.679816722869873,0.3954066336154938
nan,nan,0.679816722869873,0.3954066336154938
nan,nan,nan,nan
nan,nan,nan,nan
nan,nan,nan,nan
nan,nan,nan,nan
nan,nan,nan,nan
nan,nan,nan,nan
nan,nan,0.5748060941696167,0.615783154964447
nan,nan,0.5748060941696167,0.615783154964447
nan,nan,0.6996801495552063,0.48470914363861084
nan,nan,0.6996801495552063,0.48470914363861084
nan,nan,0.673184871673584,0.36139369010925293
nan,nan,0.673184871673584,0.36139369010925293
nan,nan,0.6415468454360962,0.28027981519699097
nan,nan,0.6415468454360962,0.28027981519699097
nan,nan,0.6360241174697876,0.26966261863708496
nan,nan,0.6360241174697876,0.26966261863708496
nan,nan,0.6484572291374207,0.27329206466674805
nan,nan,0.6472232937812805,0.28209760785102844
nan,nan,0.6596577763557434,0.296840637922287
nan,nan,0.6663394570350647,0.29449424147605896
nan,nan,0.6577921509742737,0.29980841279029846
nan,nan,0.6577921509742737,0.29980841279029846
nan,nan,0.6413536667823792,0.29049021005630493
nan,nan,0.6413536667823792,0.29049021005630493
nan,nan,0.6417773365974426,0.2899490296840668
nan,nan,0.697259783744812,0.29332301020622253
nan,nan,0.7042068243026733,0.2875719368457794
nan,nan,0.6517453193664551,0.28169700503349304
nan,nan,0.6561615467071533,0.278160959482193
nan,nan,0.6561615467071533,0.278160959482193
nan,nan,0.6764556765556335,0.26544103026390076
nan,nan,0.6764556765556335,0.26544103026390076
nan,nan,0.6796918511390686,0.2730492055416107
nan,nan,0.6796918511390686,0.2730492055416107
nan,nan,0.6887678503990173,0.2699854075908661
nan,nan,0.6917330026626587,0.26753538846969604
nan,nan,0.7044692039489746,0.26548922061920166
nan,nan,0.7072501182556152,0.26701608300209045
nan,nan,0.7033911347389221,0.285363107919693
nan,nan,0.8240602612495422,0.2715105414390564
nan,nan,1.107808232307434,0.2389369010925293
nan,nan,0.9929889440536499,0.3298548758029938
nan,nan,0.9929889440536499,0.3298548758029938
nan,nan,nan,nan
nan,nan,0.6753743886947632,0.2865822911262512
nan,nan,0.6753743886947632,0.2865822911262512
nan,nan,0.6974276304244995,0.28912970423698425
nan,nan,0.6882795691490173,0.31174159049987793
nan,nan,0.6702602505683899,0.3084827959537506
nan,nan,0.6584137082099915,0.3028045892715454
nan,nan,0.6400827765464783,0.30065274238586426
nan,nan,0.6634631752967834,0.2932967245578766
nan,nan,0.679013729095459,0.2990172207355499
nan,nan,0.6764439940452576,0.2776632010936737
nan,nan,0.6850566864013672,0.2664438784122467
nan,nan,0.7037441730499268,0.33743590116500854
nan,nan,0.7609279155731201,0.4902639389038086
nan,nan,0.7242175340652466,0.2948348820209503
nan,nan,0.6821613311767578,0.2810303866863251
nan,nan,0.6910337209701538,0.26890072226524353
nan,nan,0.6855723857879639,0.25965580344200134
nan,nan,0.7321349382400513,0.2884005904197693
nan,nan,0.9111248850822449,0.35127711296081543
nan,nan,0.705783486366272,0.27252641320228577
nan,nan,0.6702244877815247,0.2787027060985565
nan,nan,0.6540277004241943,0.281515896320343
nan,nan,0.6636172533035278,0.28238099813461304
nan,nan,0.6361666917800903,0.2595806121826172
nan,nan,0.6300351023674011,0.26044541597366333
nan,nan,0.6809653639793396,0.2968802750110626
nan,nan,0.6770101189613342,0.30196240544319153
nan,nan,0.6490333080291748,0.29103055596351624
nan,nan,0.6674322485923767,0.27616843581199646
nan,nan,0.6674322485923767,0.27616843581199646
nan,nan,0.6323158144950867,0.2667940855026245
nan,nan,0.6583647131919861,0.29657691717147827
nan,nan,0.6689058542251587,0.3052666485309601
nan,nan,0.6476473212242126,0.27943283319473267
nan,nan,0.6537984609603882,0.28399837017059326
nan,nan,0.6720455884933472,0.30584442615509033
nan,nan,0.6632715463638306,0.3132849931716919
nan,nan,0.661574125289917,0.2950550615787506
nan,nan,0.6503620147705078,0.3102574050426483
nan,nan,0.6247818470001221,0.316914439201355
nan,nan,0.6652976870536804,0.27155882120132446
nan,nan,0.6652976870536804,0.27155882120132446
nan,nan,0.6540927886962891,0.2965734004974365
nan,nan,0.6782053112983704,0.3309750258922577
nan,nan,0.6723713874816895,0.32987773418426514
nan,nan,0.6656888723373413,0.3182116746902466
nan,nan,0.6560238003730774,0.30234625935554504
nan,nan,0.6535384058952332,0.3756392300128937
nan,nan,0.8009749054908752,1.0689871311187744
nan,nan,0.6548086404800415,0.3442867696285248
nan,nan,0.6595585346221924,0.30808454751968384
nan,nan,0.7159865498542786,0.3827076852321625
nan,nan,0.8439316749572754,0.596862256526947
nan,nan,nan,nan
nan,nan,0.6766654253005981,0.2942120134830475
nan,nan,0.7645580768585205,0.31460055708885193
nan,nan,0.9717159271240234,0.3626551628112793
nan,nan,0.9340900182723999,0.21316400170326233
nan,nan,0.9340900182723999,0.21316400170326233
nan,nan,nan,nan
nan,nan,0.6595445871353149,0.28152233362197876
nan,nan,0.6668301224708557,0.2569599747657776
nan,nan,0.6887747049331665,0.25621864199638367
nan,nan,0.7810115218162537,0.2892705500125885
nan,nan,0.9788743257522583,0.3086302578449249
nan,nan,nan,nan
nan,nan,0.6552776098251343,0.29073575139045715
nan,nan,0.6552776098251343,0.29073575139045715
nan,nan,0.6656832695007324,0.2875170409679413
nan,nan,0.6656832695007324,0.2875170409679413
nan,nan,nan,nan
nan,nan,0.8116134405136108,0.3022831082344055
nan,nan,0.6951467394828796,0.3153983950614929
nan,nan,0.6440944075584412,0.3211473524570465
nan,nan,0.6502814888954163,0.316160649061203
nan,nan,0.6502814888954163,0.316160649061203
nan,nan,0.6601143479347229,0.304168164730072
nan,nan,0.6601143479347229,0.304168164730072
nan,nan,0.6777125000953674,0.30184969305992126
nan,nan,0.6777125000953674,0.30184969305992126
nan,nan,0.6826918125152588,0.30961543321609497
nan,nan,0.6826918125152588,0.30961543321609497
nan,nan,0.6898823976516724,0.33193856477737427
nan,nan,0.6898823976516724,0.33193856477737427
nan,nan,0.6824269890785217,0.33432865142822266
nan,nan,0.7201997637748718,0.43263643980026245
nan,nan,0.8498511910438538,0.7700681090354919
nan,nan,nan,nan
nan,nan,0.684969961643219,0.314365029335022
nan,nan,0.684969961643219,0.314365029335022
nan,nan,0.6924038529396057,0.3376297950744629
nan,nan,0.6924038529396057,0.3376297950744629
nan,nan,0.6833866834640503,0.31966879963874817
nan,nan,0.7104939818382263,0.2814846336841583
nan,nan,0.6949491500854492,0.28300005197525024
nan,nan,0.6979166865348816,0.2989090383052826
nan,nan,0.7012127041816711,0.2965978682041168
nan,nan,0.6655623316764832,0.3186456859111786
nan,nan,0.6859801411628723,0.31590715050697327
nan,nan,0.6859801411628723,0.31590715050697327
nan,nan,0.6943284869194031,0.3195648789405823
nan,nan,0.6943284869194031,0.3195648789405823
nan,nan,0.6667780876159668,0.28909143805503845
nan,nan,0.6718748211860657,0.2650032043457031
nan,nan,0.6816487312316895,0.28199145197868347
nan,nan,0.6813178062438965,0.3143633008003235
nan,nan,0.6732049584388733,0.29421380162239075
nan,nan,0.7666241526603699,0.399441123008728
nan,nan,1.064560890197754,0.7350367307662964
nan,nan,0.5971561670303345,0.22977399826049805
nan,nan,0.6280350089073181,0.2763585150241852
nan,nan,0.6601502895355225,0.32442161440849304
nan,nan,0.6599645614624023,0.3231200575828552
nan,nan,0.6415637731552124,0.2953052818775177
nan,nan,0.6424114108085632,0.28811803460121155
nan,nan,0.7488765716552734,0.3106295168399811
nan,nan,0.6437472701072693,0.3212648332118988
nan,nan,0.4889357388019562,0.3036442697048187
nan,nan,0.4699968993663788,0.28845924139022827
nan,nan,0.4699968993663788,0.28845924139022827
nan,nan,0.47357726097106934,0.2898517847061157
nan,nan,0.4732021689414978,0.2830178141593933
nan,nan,0.4831463098526001,0.285088449716568
nan,nan,0.48784688115119934,0.29282310605049133
nan,nan,0.49017807841300964,0.30664345622062683
nan,nan,0.49017807841300964,0.30664345622062683
nan,nan,0.48753121495246887,0.310004323720932
nan,nan,0.48753121495246887,0.310004323720932
nan,nan,0.4811481535434723,0.2887418866157532
nan,nan,0.5698494911193848,0.2949464023113251
nan,nan,0.5780820250511169,0.29943743348121643
nan,nan,0.5717962384223938,0.3732790946960449
nan,nan,0.5574187636375427,0.3788068890571594
nan,nan,0.4769088625907898,0.30154114961624146
nan,nan,0.48093587160110474,0.2962694466114044
nan,nan,0.48093587160110474,0.2962694466114044
nan,nan,0.45676103234291077,0.296695351600647
nan,nan,0.45676103234291077,0.296695351600647
nan,nan,0.45529627799987793,0.296732634305954
nan,nan,0.45529627799987793,0.296732634305954
nan,nan,0.4778856337070465,0.2964133322238922
nan,nan,0.4778856337070465,0.2964133322238922
nan,nan,0.4784378409385681,0.2929059863090515
nan,nan,0.4784378409385681,0.2929059863090515
nan,nan,0.5070849657058716,0.263725221157074
nan,nan,0.5070849657058716,0.263725221157074
nan,nan,0.4992331266403198,0.2782507836818695
nan,nan,0.6564351320266724,0.2901749312877655
nan,nan,0.6421034932136536,0.2919765114784241
nan,nan,0.4797309637069702,0.2807023227214813
nan,nan,0.4731082320213318,0.27721378207206726
nan,nan,0.4731082320213318,0.27721378207206726
nan,nan,0.47952061891555786,0.2776683568954468
nan,nan,0.6382620930671692,0.2643764019012451
nan,nan,0.6523909568786621,0.25475481152534485
nan,nan,0.49946701526641846,0.26408517360687256
nan,nan,0.47836950421333313,0.27249205112457275
nan,nan,0.47836950421333313,0.27249205112457275
nan,nan,0.5399675369262695,0.2545212507247925
nan,nan,0.6779078245162964,0.3195890784263611
nan,nan,1.145380973815918,0.5401008725166321
nan,nan,0.9166104793548584,0.23239046335220337
nan,nan,0.9166104793548584,0.23239046335220337
nan,nan,0.8383628726005554,0.21693991124629974
nan,nan,0.8383628726005554,0.21693991124629974
nan,nan,0.8330489993095398,0.36412838101387024
nan,nan,0.6014765501022339,0.2916845679283142
nan,nan,0.5025438666343689,0.26073500514030457
nan,nan,0.514056921005249,0.27925562858581543
nan,nan,0.514056921005249,0.27925562858581543
nan,nan,0.5070824027061462,0.2969300448894501
nan,nan,0.5070824027061462,0.2969300448894501
nan,nan,0.5176385045051575,0.2936902344226837
nan,nan,0.6871196031570435,0.2845538854598999
nan,nan,1.1050279140472412,0.2620254158973694
nan,nan,nan,nan
nan,nan,0.5395452380180359,0.267500638961792
nan,nan,0.5395452380180359,0.267500638961792
nan,nan,0.5317318439483643,0.2727791666984558
nan,nan,0.5317318439483643,0.2727791666984558
nan,nan,0.5263440012931824,0.2565622925758362
nan,nan,0.5263440012931824,0.2565622925758362
nan,nan,0.5159069895744324,0.29606515169143677
nan,nan,0.5159069895744324,0.29606515169143677
nan,nan,0.5335639119148254,0.26197800040245056
nan,nan,0.5335639119148254,0.26197800040245056
nan,nan,0.5406309366226196,0.24013741314411163
nan,nan,0.5406309366226196,0.24013741314411163
nan,nan,0.5351579189300537,0.26069170236587524
nan,nan,0.5351579189300537,0.26069170236587524
nan,nan,0.5382272601127625,0.2742697596549988
nan,nan,0.5382272601127625,0.2742697596549988
nan,nan,0.5117021799087524,0.26842451095581055
nan,nan,0.5117021799087524,0.26842451095581055
nan,nan,0.5266616344451904,0.25584685802459717
nan,nan,0.5266616344451904,0.25584685802459717
nan,nan,0.5127359628677368,0.2577415108680725
nan,nan,0.5127359628677368,0.2577415108680725
nan,nan,0.5231731534004211,0.28617316484451294
nan,nan,0.5292985439300537,0.3013843894004822
nan,nan,0.506364107131958,0.2739742696285248
nan,nan,0.6478968858718872,0.297915518283844
nan,nan,0.6741350889205933,0.3046915531158447
nan,nan,0.6188130974769592,0.2574915587902069
nan,nan,0.837266206741333,0.2577876150608063
nan,nan,nan,nan
nan,nan,0.5432898998260498,0.27610135078430176
nan,nan,0.5432898998260498,0.27610135078430176
nan,nan,0.5397051572799683,0.26670512557029724
nan,nan,0.5397051572799683,0.26670512557029724
nan,nan,0.5243882536888123,0.23682692646980286
nan,nan,0.5243882536888123,0.23682692646980286
nan,nan,0.5821736454963684,0.27991390228271484
nan,nan,0.5821736454963684,0.27991390228271484
nan,nan,0.5710756778717041,0.25937673449516296
nan,nan,0.5710756778717041,0.25937673449516296
nan,nan,0.589262068271637,0.2697293758392334
nan,nan,0.6292340159416199,0.2949756383895874
nan,nan,0.6101945042610168,0.3117506206035614
nan,nan,0.5622069835662842,0.2935665547847748
nan,nan,0.5636853575706482,0.26472756266593933
nan,nan,0.5636853575706482,0.26472756266593933
nan,nan,0.5791234374046326,0.26368823647499084
nan,nan,0.6333383917808533,0.2719078063964844
nan,nan,0.7655919194221497,0.29195886850357056
nan,nan,nan,nan
nan,nan,0.5761838555335999,0.2779361307621002
nan,nan,0.5761838555335999,0.2779361307621002
nan,nan,0.5943865776062012,0.2909518778324127
nan,nan,0.5943865776062012,0.2909518778324127
nan,nan,0.5919852256774902,0.28105270862579346
nan,nan,0.5919852256774902,0.28105270862579346
nan,nan,0.5812926292419434,0.28332579135894775
nan,nan,0.5812926292419434,0.28332579135894775
nan,nan,0.5654042959213257,0.29729369282722473
nan,nan,0.5654042959213257,0.29729369282722473
nan,nan,0.5811524391174316,0.2774830758571625
nan,nan,0.5811524391174316,0.2774830758571625
nan,nan,0.5810627341270447,0.28591951727867126
nan,nan,0.6127817034721375,0.3095765709877014
nan,nan,0.6871940493583679,0.36507582664489746
nan,nan,nan,nan
nan,nan,nan,nan
nan,nan,nan,nan
nan,nan,nan,nan
nan,nan,nan,nan
nan,nan,nan,nan
nan,nan,nan,nan
nan,nan,0.7094893455505371,0.6889662146568298
nan,nan,0.7094893455505371,0.6889662146568298
nan,nan,0.7121500372886658,0.6188316941261292
nan,nan,0.7121500372886658,0.6188316941261292
nan,nan,0.7012062668800354,0.6189839243888855
nan,nan,0.7430112361907959,0.7056023478507996
nan,nan,0.8497048020362854,0.9266677498817444
nan,nan,nan,nan
nan,nan,0.6944597363471985,0.6060137748718262
nan,nan,0.8075718283653259,0.680122971534729
nan,nan,1.0690780878067017,0.8514575362205505
nan,nan,1.1901142597198486,0.8386771082878113
nan,nan,1.1901142597198486,0.8386771082878113
nan,nan,nan,nan
nan,nan,0.6804458498954773,0.6278975605964661
nan,nan,0.6804458498954773,0.6278975605964661
nan,nan,0.7152786254882812,0.6355350613594055
nan,nan,0.7152786254882812,0.6355350613594055
nan,nan,0.7123007774353027,0.6269009709358215
nan,nan,0.7123007774353027,0.6269009709358215
nan,nan,0.7303541302680969,0.639097273349762
nan,nan,0.8210499286651611,0.7239082455635071
nan,nan,1.0548685789108276,0.9425557255744934
nan,nan,nan,nan
nan,nan,0.7202802896499634,0.596964955329895
nan,nan,0.7202802896499634,0.596964955329895
nan,nan,0.6929846405982971,0.6323991417884827
nan,nan,0.6929846405982971,0.6323991417884827
nan,nan,0.7231132984161377,0.6207283139228821
nan,nan,0.7231132984161377,0.6207283139228821
nan,nan,0.7309679388999939,0.6206762194633484
nan,nan,0.7309679388999939,0.6206762194633484
nan,nan,0.7217063903808594,0.6389015316963196
nan,nan,0.7897797226905823,0.663852870464325
nan,nan,0.9410349130630493,0.7192933559417725
nan,nan,1.0268949270248413,0.9172975420951843
nan,nan,1.0268949270248413,0.9172975420951843
nan,nan,nan,nan
nan,nan,0.7924358248710632,0.5234940052032471
nan,nan,0.7924358248710632,0.5234940052032471
nan,nan,0.9169607162475586,0.3165890872478485
nan,nan,0.9169607162475586,0.3165890872478485
nan,nan,0.9094489216804504,0.2766943871974945
nan,nan,0.9094489216804504,0.2766943871974945
nan,nan,0.8753885626792908,0.3173983097076416
nan,nan,0.8753885626792908,0.3173983097076416
nan,nan,0.9146450161933899,0.27811890840530396
nan,nan,0.9146450161933899,0.27811890840530396
nan,nan,0.8754355311393738,0.2941115200519562
nan,nan,0.8754355311393738,0.2941115200519562
nan,nan,0.8837699294090271,0.3142818212509155
nan,nan,0.8893839120864868,0.30564042925834656
nan,nan,0.8905115127563477,0.30350908637046814
nan,nan,0.8853875994682312,0.31122416257858276
nan,nan,0.8829251527786255,0.31895849108695984
nan,nan,0.8829251527786255,0.31895849108695984
nan,nan,0.862066924571991,0.33066844940185547
nan,nan,0.862066924571991,0.33066844940185547
nan,nan,0.8437751531600952,0.30362075567245483
nan,nan,0.8437751531600952,0.30362075567245483
nan,nan,0.8420236110687256,0.3007541298866272
nan,nan,0.8420236110687256,0.3007541298866272
nan,nan,0.8281787037849426,0.3144851624965668
nan,nan,0.8281787037849426,0.3144851624965668
nan,nan,0.8466737270355225,0.2928563058376312
nan,nan,0.8466737270355225,0.2928563058376312
nan,nan,0.8682456016540527,0.2971944212913513
nan,nan,0.8682456016540527,0.2971944212913513
nan,nan,0.8557144999504089,0.2985948622226715
nan,nan,0.9124640822410583,0.29499566555023193
nan,nan,0.9264112114906311,0.3005400002002716
nan,nan,0.8848872184753418,0.3005370497703552
nan,nan,0.8981375098228455,0.2966720759868622
nan,nan,0.905290424823761,0.30919936299324036
nan,nan,0.915622889995575,0.30870622396469116
nan,nan,0.9082932472229004,0.3083144426345825
nan,nan,0.9171918630599976,0.30691835284233093
nan,nan,0.9127675890922546,0.30608460307121277
nan,nan,0.911392867565155,0.315362811088562
nan,nan,0.9266453981399536,0.3361169099807739
nan,nan,0.9154041409492493,0.340302437543869
nan,nan,0.9039614200592041,0.31755292415618896
nan,nan,0.8993882536888123,0.306875079870224
nan,nan,0.9091622829437256,0.32241788506507874
nan,nan,0.9220040440559387,0.323045551776886
nan,nan,0.9279940128326416,0.32828986644744873
nan,nan,0.9255897998809814,0.33445727825164795
nan,nan,0.9197068810462952,0.32550010085105896
nan,nan,0.9232276082038879,0.32307928800582886
nan,nan,0.9193822145462036,0.31317782402038574
nan,nan,0.920467734336853,0.31049519777297974
nan,nan,0.9142001867294312,0.3259710371494293
nan,nan,0.8896312117576599,0.3295441269874573
nan,nan,0.9016197323799133,0.32856622338294983
nan,nan,0.9117204546928406,0.3218649923801422
nan,nan,0.9085841178894043,0.29767200350761414
nan,nan,0.9121599793434143,0.29893985390663147
nan,nan,0.9049067497253418,0.3078503906726837
nan,nan,0.9135490655899048,0.32724547386169434
nan,nan,0.919137716293335,0.3311119079589844
nan,nan,0.9244648218154907,0.32724934816360474
nan,nan,0.9347009658813477,0.34319832921028137
nan,nan,0.9236608147621155,0.3763844072818756
nan,nan,0.9054635763168335,0.3686637580394745
nan,nan,0.9047344923019409,0.3439260721206665
nan,nan,0.9047344923019409,0.3439260721206665
nan,nan,0.685774564743042,0.539648711681366
nan,nan,0.6587163209915161,0.6091943383216858
nan,nan,0.6640266180038452,0.7920966148376465
nan,nan,0.693077802658081,0.7911937236785889
nan,nan,0.7292258739471436,0.7575830817222595
nan,nan,0.7250910401344299,0.7814192175865173
nan,nan,0.7016181945800781,0.8883647322654724
nan,nan,0.8166364431381226,0.9058673977851868
nan,nan,1.1761680841445923,0.9050458073616028
nan,nan,0.9823071360588074,1.1297070980072021
nan,nan,0.9823071360588074,1.1297070980072021
nan,nan,0.8952990770339966,0.9054099321365356
nan,nan,0.8952990770339966,0.9054099321365356
nan,nan,nan,nan
nan,nan,0.7251906991004944,0.7143675684928894
nan,nan,0.7251906991004944,0.7143675684928894
nan,nan,0.7412511706352234,0.6774548292160034
nan,nan,0.7412511706352234,0.6774548292160034
nan,nan,0.7151914834976196,0.6719996333122253
nan,nan,0.7151914834976196,0.6719996333122253
nan,nan,0.7145374417304993,0.6729309558868408
nan,nan,0.7145374417304993,0.6729309558868408
nan,nan,0.7177308201789856,0.6719580888748169
nan,nan,0.7177308201789856,0.6719580888748169
nan,nan,0.7252277135848999,0.6702926158905029
nan,nan,0.7252277135848999,0.6702926158905029
nan,nan,0.7280519604682922,0.6598266363143921
nan,nan,0.7280519604682922,0.6598266363143921
nan,nan,0.8117578029632568,0.4281374514102936
nan,nan,0.8117578029632568,0.4281374514102936
nan,nan,0.8496093153953552,0.3510153591632843
nan,nan,0.8496093153953552,0.3510153591632843
nan,nan,0.8492251634597778,0.3815491497516632
nan,nan,0.8624229431152344,0.3936653733253479
nan,nan,0.8667011260986328,0.3657274842262268
nan,nan,0.8673626184463501,0.3502597510814667
nan,nan,0.8667587637901306,0.37118691205978394
nan,nan,0.854562520980835,0.3713267147541046
nan,nan,nan,nan
nan,nan,1.0085170269012451,0.37318259477615356
nan,nan,0.8954471349716187,0.33794310688972473
nan,nan,0.8446008563041687,0.3220963180065155
nan,nan,0.869733989238739,0.34716689586639404
nan,nan,0.869733989238739,0.34716689586639404
nan,nan,0.8623195886611938,0.32092925906181335
nan,nan,0.8623195886611938,0.32092925906181335
nan,nan,0.8799012899398804,0.31995224952697754
nan,nan,0.8799012899398804,0.31995224952697754
nan,nan,0.8865360021591187,0.35120269656181335
nan,nan,0.8865360021591187,0.35120269656181335
nan,nan,0.8522850871086121,0.3292710781097412
nan,nan,0.8522850871086121,0.3292710781097412
nan,nan,0.877836287021637,0.33360350131988525
nan,nan,0.8957227468490601,0.4420543313026428
nan,nan,0.9356892704963684,0.6843819618225098
nan,nan,0.8595030307769775,0.36671796441078186
nan,nan,0.8731477856636047,0.32593101263046265
nan,nan,0.9035431742668152,0.3227160573005676
nan,nan,0.9163383841514587,0.3414827585220337
nan,nan,0.8975578546524048,0.3355931043624878
nan,nan,0.9019873738288879,0.32806649804115295
nan,nan,0.8932366371154785,0.3442360758781433
nan,nan,0.8701021075248718,0.3534781336784363
nan,nan,0.8672027587890625,0.35753071308135986
nan,nan,0.8687987923622131,0.3373453915119171
nan,nan,0.8709132671356201,0.31227004528045654
nan,nan,0.9296648502349854,0.3420964181423187
nan,nan,0.9389315247535706,0.3278859257698059
nan,nan,0.9409393072128296,0.3208753168582916
nan,nan,0.9358922243118286,0.3268458843231201
nan,nan,0.9343807101249695,0.32447493076324463
nan,nan,0.9324566125869751,0.3321661651134491
nan,nan,0.9330298900604248,0.3295724391937256
nan,nan,0.9324649572372437,0.3024914562702179
nan,nan,0.9199471473693848,0.3241918683052063
nan,nan,0.9095465540885925,0.32595956325531006
nan,nan,0.9029495716094971,0.3251672089099884
nan,nan,0.9196677803993225,0.32450202107429504
nan,nan,0.9217500686645508,0.3159317076206207
nan,nan,0.925630509853363,0.3139984607696533
nan,nan,0.9353092908859253,0.31498387455940247
nan,nan,0.9341789484024048,0.3422428071498871
nan,nan,0.9370984435081482,0.3366487920284271
nan,nan,0.9254667162895203,0.337100625038147
nan,nan,0.9241316914558411,0.3435506820678711
nan,nan,0.9342467784881592,0.3296099305152893
nan,nan,0.9329830408096313,0.31691238284111023
nan,nan,0.9321718811988831,0.31534543633461
nan,nan,0.9241839051246643,0.3042064309120178
nan,nan,0.9090107679367065,0.3027839958667755
nan,nan,0.9247545003890991,0.3782251179218292
nan,nan,0.9320034384727478,0.4174359142780304
nan,nan,0.779330313205719,1.4315855503082275
nan,nan,0.779330313205719,1.4315855503082275
nan,nan,nan,nan
nan,nan,nan,nan
nan,nan,0.5823901295661926,0.8194488286972046
nan,nan,0.5823901295661926,0.8194488286972046
nan,nan,0.7645575404167175,0.6756893396377563
nan,nan,0.7645575404167175,0.6756893396377563
nan,nan,0.7383632063865662,0.6375905275344849
nan,nan,0.7376658320426941,0.6395060420036316
nan,nan,0.7467661499977112,0.6451906561851501
nan,nan,0.741101861000061,0.6753641963005066
nan,nan,0.7280883193016052,0.6591298580169678
nan,nan,0.7224215865135193,0.6507294774055481
nan,nan,0.7307726740837097,0.6524097323417664
nan,nan,0.73247891664505,0.646003782749176
nan,nan,0.7299756407737732,0.6471097469329834
nan,nan,0.741350531578064,0.6267495155334473
nan,nan,0.7360922694206238,0.6350571513175964
nan,nan,0.7328060269355774,0.646062970161438
nan,nan,0.7231913805007935,0.6422653794288635
nan,nan,0.7264201045036316,0.6347384452819824
nan,nan,0.7270772457122803,0.6393265128135681
nan,nan,0.7231045961380005,0.6361997127532959
nan,nan,0.7256384491920471,0.6508970856666565
nan,nan,0.7256384491920471,0.6508970856666565
nan,nan,0.5998765230178833,0.5010127425193787
nan,nan,0.5998765230178833,0.5010127425193787
nan,nan,0.5098455548286438,0.2818107306957245
nan,nan,0.5098455548286438,0.2818107306957245
nan,nan,0.5255376100540161,0.328297883272171
nan,nan,0.5507639646530151,0.3803914189338684
nan,nan,0.547659695148468,0.3960338830947876
nan,nan,0.5210755467414856,0.35078245401382446
nan,nan,0.5463235974311829,0.33864712715148926
nan,nan,0.5463235974311829,0.33864712715148926
nan,nan,0.5334877371788025,0.3277490437030792
nan,nan,0.5334877371788025,0.3277490437030792
nan,nan,0.5581986904144287,0.27897366881370544
nan,nan,0.5581986904144287,0.27897366881370544
nan,nan,0.5448930263519287,0.2758411467075348
nan,nan,0.5467050671577454,0.2687455415725708
nan,nan,0.5392866730690002,0.2680342197418213
nan,nan,0.5344705581665039,0.2748417556285858
nan,nan,0.5409010648727417,0.30578121542930603
nan,nan,0.5409010648727417,0.30578121542930603
nan,nan,0.5303807258605957,0.25668320059776306
nan,nan,0.5303807258605957,0.25668320059776306
nan,nan,0.537113606929779,0.27737072110176086
nan,nan,0.537113606929779,0.27737072110176086
nan,nan,0.4877365231513977,0.24856843054294586
nan,nan,0.4877365231513977,0.24856843054294586
nan,nan,0.49426785111427307,0.2701045274734497
nan,nan,0.49426785111427307,0.2701045274734497
nan,nan,0.6020293831825256,0.2508352994918823
nan,nan,0.6099790334701538,0.27085867524147034
nan,nan,0.6442393660545349,0.27744990587234497
nan,nan,0.6513025760650635,0.26031482219696045
0.9071577787399292,0.4747248589992523,0.4173693358898163,0.29307273030281067
0.9071577787399292,0.4747248589992523,0.4173693358898163,0.29307273030281067
0.9329214692115784,0.476795494556427,0.41780054569244385,0.278559148311615
0.9329214692115784,0.476795494556427,0.42557764053344727,0.28512006998062134
nan,nan,0.43543770909309387,0.2878585159778595
nan,nan,0.42131751775741577,0.2787300646305084
0.9370397925376892,0.4609553813934326,0.42881572246551514,0.275691956281662
0.9370397925376892,0.4609553813934326,0.4687190353870392,0.2726786732673645
1.0783748626708984,0.4608633816242218,0.5429712533950806,0.2527889013290405
1.0783748626708984,0.4608633816242218,0.5527493953704834,0.262690931558609
nan,nan,0.545650064945221,0.2544681131839752
nan,nan,0.5266997218132019,0.24542248249053955
nan,nan,0.5464596748352051,0.2794073820114136
nan,nan,0.5541486144065857,0.29563188552856445
nan,nan,0.5476865172386169,0.27327802777290344
nan,nan,0.5413382649421692,0.2622191309928894
nan,nan,0.5404219627380371,0.26471415162086487
nan,nan,0.5517227053642273,0.2651634216308594
nan,nan,0.549357533454895,0.2710457742214203
nan,nan,0.5596519708633423,0.27554312348365784
nan,nan,0.5571673512458801,0.27860891819000244
nan,nan,0.5523171424865723,0.3014070987701416
nan,nan,0.554224967956543,0.2915472984313965
nan,nan,0.5392159819602966,0.26791027188301086
nan,nan,0.5418338179588318,0.2590847909450531
nan,nan,0.553398847579956,0.2540040910243988
nan,nan,0.5494387745857239,0.27124524116516113
nan,nan,0.551977813243866,0.26878422498703003
nan,nan,0.5618045330047607,0.25976476073265076
nan,nan,0.5618045330047607,0.25976476073265076
nan,nan,0.5638501048088074,0.26268935203552246
nan,nan,0.5682675242424011,0.26610833406448364
nan,nan,0.5687342882156372,0.27302250266075134
nan,nan,0.581190288066864,0.245926171541214
nan,nan,0.5810322165489197,0.24981218576431274
nan,nan,0.534292995929718,0.37292584776878357
nan,nan,0.4577397406101227,0.6145840287208557
nan,nan,0.5170015096664429,0.2665863633155823
nan,nan,0.5604689121246338,0.2777549922466278
nan,nan,0.569442629814148,0.295379102230072
nan,nan,0.5650568604469299,0.31899237632751465
nan,nan,0.572877824306488,0.3167746663093567
1.0503766536712646,0.4665606915950775,0.555982232093811,0.2919981777667999
1.0503766536712646,0.4665606915950775,0.5512914061546326,0.29507774114608765
1.0375885963439941,0.4667469263076782,0.5603107810020447,0.27702796459198
1.0375885963439941,0.4667469263076782,0.5690567493438721,0.26583313941955566
1.0962426662445068,0.48145636916160583,0.6387391686439514,0.27288877964019775
1.0962426662445068,0.48145636916160583,0.6196444630622864,0.2890847623348236
1.0814310312271118,0.4895355701446533,0.6001394391059875,0.2830328941345215
1.0814310312271118,0.4895355701446533,0.6066739559173584,0.2798980474472046
nan,nan,0.6007724404335022,0.2709468603134155
nan,nan,0.6198362112045288,0.24794940650463104
nan,nan,0.6382390260696411,0.2658674120903015
nan,nan,0.6291341185569763,0.27723196148872375
nan,nan,0.648751974105835,0.26271378993988037
nan,nan,0.6525545120239258,0.2916826903820038
nan,nan,0.6441776752471924,0.29174157977104187
nan,nan,0.6338865160942078,0.27237629890441895
nan,nan,0.6197888851165771,0.276956707239151
nan,nan,0.6168939471244812,0.26931339502334595
nan,nan,0.6013575792312622,0.2744283676147461
nan,nan,0.6013575792312622,0.2744283676147461
nan,nan,0.6148015260696411,0.2505852282047272
nan,nan,0.6148015260696411,0.2505852282047272
nan,nan,0.3630150556564331,1.401117205619812
nan,nan,0.3630150556564331,1.401117205619812
nan,nan,nan,nan
nan,nan,nan,nan
nan,nan,nan,nan
nan,nan,nan,nan
nan,nan,nan,nan
nan,nan,nan,nan
nan,nan,0.7379891872406006,0.982158362865448
nan,nan,0.7379891872406006,0.982158362865448
nan,nan,0.8026107549667358,0.7929299473762512
nan,nan,0.887315034866333,0.830380916595459
nan,nan,1.1109070777893066,0.9292393922805786
nan,nan,nan,nan
nan,nan,0.7896524667739868,0.6084583401679993
nan,nan,0.7896524667739868,0.6084583401679993
nan,nan,0.7652974724769592,0.5988171100616455
nan,nan,0.7652974724769592,0.5988171100616455
nan,nan,0.7988524436950684,0.609528124332428
nan,nan,0.7988524436950684,0.609528124332428
nan,nan,0.7730255126953125,0.6153196692466736
nan,nan,0.7730255126953125,0.6153196692466736
nan,nan,0.7654492855072021,0.6407814621925354
nan,nan,0.7809447050094604,0.6363793015480042
nan,nan,0.7767843008041382,0.6360992789268494
nan,nan,0.8875172138214111,0.6692987680435181
nan,nan,1.1703791618347168,0.7331385612487793
nan,nan,0.7931624054908752,0.8954804539680481
nan,nan,0.7931624054908752,0.8954804539680481
nan,nan,nan,nan
nan,nan,0.7868435382843018,0.6271665692329407
nan,nan,0.7868435382843018,0.6271665692329407
nan,nan,0.7647730112075806,0.6049034595489502
nan,nan,0.7647730112075806,0.6049034595489502
nan,nan,0.7867123484611511,0.6391348242759705
nan,nan,0.7798476815223694,0.7455081939697266
nan,nan,0.7622042894363403,1.018907070159912
nan,nan,nan,nan
nan,nan,0.7783942222595215,0.6168055534362793
nan,nan,0.7783942222595215,0.6168055534362793
nan,nan,0.7495818138122559,0.622552216053009
nan,nan,0.7495818138122559,0.622552216053009
nan,nan,0.562298595905304,0.3101712465286255
nan,nan,0.562298595905304,0.3101712465286255
nan,nan,0.5337731242179871,0.2924377918243408
nan,nan,0.5337731242179871,0.2924377918243408
nan,nan,0.5634920597076416,0.31982871890068054
nan,nan,0.5634920597076416,0.31982871890068054
nan,nan,0.5562043786048889,0.2946819067001343
nan,nan,0.5562043786048889,0.2946819067001343
nan,nan,0.5694741606712341,0.3041956126689911
nan,nan,0.5694741606712341,0.3041956126689911
nan,nan,0.5836194157600403,0.30784085392951965
nan,nan,0.5836194157600403,0.30784085392951965
nan,nan,0.5615227222442627,0.2923216223716736
nan,nan,0.5615227222442627,0.2923216223716736
nan,nan,0.5296180844306946,0.30816590785980225
nan,nan,0.5428420901298523,0.30950093269348145
nan,nan,0.556671142578125,0.29905757308006287
nan,nan,0.549257755279541,0.2933345139026642
nan,nan,0.5559582710266113,0.30566683411598206
nan,nan,0.6443414688110352,0.3285437524318695
nan,nan,0.6200883388519287,0.31902676820755005
nan,nan,0.65737384557724,0.30837082862854004
nan,nan,0.9565523862838745,0.3442554473876953
nan,nan,0.5555940270423889,0.31300291419029236
nan,nan,0.5141080617904663,0.28900569677352905
nan,nan,0.49665242433547974,0.2789086401462555
nan,nan,0.5112603306770325,0.3215121626853943
nan,nan,0.5112603306770325,0.3215121626853943
nan,nan,0.5036983489990234,0.29103875160217285
nan,nan,0.5036983489990234,0.29103875160217285
nan,nan,0.5061591863632202,0.3094295859336853
nan,nan,0.5061591863632202,0.3094295859336853
nan,nan,0.5028359293937683,0.2947254478931427
nan,nan,0.5028359293937683,0.2947254478931427
nan,nan,0.5140407085418701,0.2960185110569
nan,nan,0.5140407085418701,0.2960185110569
nan,nan,0.520587146282196,0.2823629379272461
nan,nan,0.520587146282196,0.2823629379272461
nan,nan,0.5158049464225769,0.28660041093826294
nan,nan,0.5158049464225769,0.28660041093826294
nan,nan,0.49463748931884766,0.28827181458473206
nan,nan,0.49463748931884766,0.28827181458473206
nan,nan,0.4914412498474121,0.28869757056236267
nan,nan,0.4914412498474121,0.28869757056236267
nan,nan,0.4996197819709778,0.30746471881866455
nan,nan,0.4996197819709778,0.30746471881866455
nan,nan,0.5025863647460938,0.33342984318733215
nan,nan,0.5025863647460938,0.33342984318733215
nan,nan,0.5578711032867432,0.3067673444747925
nan,nan,0.5599674582481384,0.296946257352829
nan,nan,0.5762196183204651,0.3015784025192261
nan,nan,0.5694187879562378,0.3055364489555359
nan,nan,0.5590908527374268,0.3112058639526367
nan,nan,0.5717739462852478,0.30841508507728577
nan,nan,0.5712928771972656,0.30405956506729126
nan,nan,0.5658787488937378,0.30904045701026917
nan,nan,0.5694412589073181,0.30881133675575256
nan,nan,0.5709137320518494,0.314804345369339
nan,nan,0.5615692138671875,0.31041112542152405
nan,nan,0.5615692138671875,0.31041112542152405
nan,nan,0.5420815348625183,0.3147880733013153
nan,nan,0.5555492043495178,0.3176881670951843
nan,nan,0.5682483911514282,0.31648653745651245
nan,nan,0.5725007653236389,0.2954091429710388
nan,nan,0.5718103051185608,0.29278460144996643
nan,nan,0.5593998432159424,0.3093031048774719
nan,nan,0.55867600440979,0.30785849690437317
nan,nan,0.5906193852424622,0.30490484833717346
nan,nan,0.5970720648765564,0.3161604404449463
nan,nan,0.548916220664978,0.3275986909866333
nan,nan,0.5431398749351501,0.3270353078842163
nan,nan,0.5596945285797119,0.3230769634246826
nan,nan,0.555558979511261,0.2818680703639984
nan,nan,0.5542545318603516,0.29703137278556824
nan,nan,0.5682870149612427,0.32004833221435547
nan,nan,0.605051577091217,0.3143528699874878
nan,nan,0.5889473557472229,0.30246230959892273
nan,nan,0.552460789680481,0.2976495921611786
nan,nan,0.5494659543037415,0.5433945059776306
nan,nan,0.5494659543037415,0.5433945059776306
nan,nan,nan,nan
nan,nan,nan,nan
nan,nan,nan,nan
nan,nan,nan,nan
nan,nan,nan,nan
nan,nan,nan,nan
nan,nan,nan,nan
nan,nan,nan,nan
nan,nan,0.7855771780014038,0.9508512616157532
nan,nan,0.7855771780014038,0.9508512616157532
nan,nan,0.7326109409332275,0.6578431725502014
nan,nan,0.7326109409332275,0.6578431725502014
nan,nan,0.7356416583061218,0.6395590305328369
nan,nan,0.7356416583061218,0.6395590305328369
nan,nan,0.818037748336792,0.5989652872085571
nan,nan,0.818037748336792,0.5989652872085571
nan,nan,0.7747031450271606,0.5981787443161011
nan,nan,0.7747031450271606,0.5981787443161011
nan,nan,0.7832123041152954,0.597855806350708
nan,nan,0.802493691444397,0.6149389147758484
nan,nan,0.8045896291732788,0.6150039434432983
nan,nan,0.7862717509269714,0.5979506969451904
nan,nan,0.7678033709526062,0.6232516765594482
nan,nan,0.7678033709526062,0.6232516765594482
nan,nan,0.8113799095153809,0.5940052270889282
nan,nan,0.8113799095153809,0.5940052270889282
nan,nan,0.8178738951683044,0.6110685467720032
nan,nan,0.8178738951683044,0.6110685467720032
nan,nan,0.820552408695221,0.6114996671676636
nan,nan,0.8928327560424805,0.6351569294929504
nan,nan,1.0550469160079956,0.6882494688034058
nan,nan,0.9800519347190857,0.7350064516067505
nan,nan,0.9800519347190857,0.7350064516067505
nan,nan,nan,nan
nan,nan,0.7622365951538086,0.6224260926246643
nan,nan,0.7622365951538086,0.6224260926246643
nan,nan,0.766815721988678,0.6071478724479675
nan,nan,0.766815721988678,0.6071478724479675
nan,nan,0.7895781993865967,0.6107566356658936
nan,nan,0.7895781993865967,0.6107566356658936
nan,nan,0.7824617028236389,0.6090550422668457
nan,nan,0.7824617028236389,0.6090550422668457
nan,nan,0.7670052647590637,0.6187477707862854
nan,nan,0.7720628976821899,0.6270512938499451
nan,nan,0.7651484608650208,0.6413509845733643
nan,nan,0.7609855532646179,0.645835816860199
nan,nan,0.7618592977523804,0.6364805698394775
nan,nan,0.7581869959831238,0.6260654330253601
nan,nan,0.7691084742546082,0.6427064538002014
nan,nan,0.7691084742546082,0.6427064538002014
nan,nan,0.8134158849716187,0.5440099239349365
nan,nan,0.8134158849716187,0.5440099239349365
nan,nan,0.8533055782318115,0.30828818678855896
nan,nan,0.8533055782318115,0.30828818678855896
nan,nan,0.874015212059021,0.31841737031936646
nan,nan,0.874015212059021,0.31841737031936646
nan,nan,0.8641082048416138,0.30961155891418457
nan,nan,0.8641082048416138,0.30961155891418457
nan,nan,0.855038046836853,0.32327497005462646
nan,nan,0.8939512372016907,0.32790499925613403
nan,nan,0.9022005200386047,0.33206790685653687
nan,nan,0.8902356028556824,0.35518622398376465
nan,nan,0.887381374835968,0.3554592430591583
nan,nan,0.8630319237709045,0.3298231065273285
nan,nan,0.8862679600715637,0.31914612650871277
nan,nan,0.9225846529006958,0.44460368156433105
nan,nan,1.0636982917785645,0.9320880174636841
nan,nan,0.9164438247680664,0.37864479422569275
nan,nan,0.8667240738868713,0.3165178894996643
nan,nan,0.8431754112243652,0.2870928645133972
nan,nan,0.8607737421989441,0.31605827808380127
nan,nan,0.8607737421989441,0.31605827808380127
nan,nan,0.8992148637771606,0.33996132016181946
nan,nan,0.9036485552787781,0.33010900020599365
nan,nan,0.8598693609237671,0.30401772260665894
nan,nan,0.8355913162231445,0.3020433485507965
nan,nan,0.900309145450592,0.3325050175189972
nan,nan,0.900309145450592,0.3325050175189972
nan,nan,0.8643238544464111,0.3148835003376007
nan,nan,0.8643238544464111,0.3148835003376007
nan,nan,0.8781535029411316,0.30556246638298035
nan,nan,0.8786490559577942,0.3222156763076782
nan,nan,0.8394518494606018,0.34293508529663086
nan,nan,0.827571451663971,0.33178526163101196
nan,nan,0.8429839611053467,0.32963207364082336
nan,nan,0.8469288945198059,0.3413504362106323
nan,nan,0.8549368977546692,0.34412050247192383
nan,nan,0.855753481388092,0.33636653423309326
nan,nan,0.8899645805358887,0.3121722638607025
nan,nan,0.9090718626976013,0.33434736728668213
nan,nan,0.918671727180481,0.3423732817173004
nan,nan,0.9045854806900024,0.33525577187538147
nan,nan,0.89942866563797,0.3362921476364136
nan,nan,0.9148349761962891,0.33062437176704407
nan,nan,0.9174913167953491,0.33194831013679504
nan,nan,0.9056888222694397,0.3317309319972992
nan,nan,0.919266402721405,0.30636683106422424
nan,nan,0.9201831817626953,0.2985965609550476
nan,nan,0.9116805791854858,0.3172319233417511
nan,nan,0.913500189781189,0.313327431678772
nan,nan,0.9170494675636292,0.3204030990600586
nan,nan,0.9015916585922241,0.31840765476226807
nan,nan,0.901709794998169,0.3139565587043762
nan,nan,0.912990152835846,0.32101818919181824
nan,nan,0.9056639671325684,0.2983437180519104
nan,nan,0.9103713631629944,0.30979621410369873
nan,nan,0.9063436388969421,0.3118175268173218
nan,nan,0.9016717076301575,0.30583348870277405
nan,nan,0.9296112060546875,0.3097747266292572
nan,nan,0.9309786558151245,0.30431103706359863
nan,nan,0.921147346496582,0.30316174030303955
nan,nan,0.9256330132484436,0.30528929829597473
nan,nan,0.9144979119300842,0.30176934599876404
nan,nan,0.9177238345146179,0.29750362038612366
nan,nan,0.9055177569389343,0.299058198928833
nan,nan,0.8936935067176819,0.317050576210022
nan,nan,0.8758575320243835,0.3056921064853668
nan,nan,0.879284679889679,0.2887348234653473
nan,nan,0.8937305808067322,0.28464528918266296
nan,nan,0.902462899684906,0.2930465340614319
nan,nan,0.8941485285758972,0.2869231402873993
nan,nan,0.8797323703765869,0.2727886736392975
nan,nan,0.879707396030426,0.29789820313453674
nan,nan,0.890731692314148,0.3091093897819519
nan,nan,0.8922287225723267,0.28508225083351135
nan,nan,0.8818586468696594,0.2633723020553589
nan,nan,0.8783627152442932,0.2701997756958008
nan,nan,0.8895512223243713,0.27643051743507385
nan,nan,0.8798547983169556,0.2901398539543152
nan,nan,0.8810533881187439,0.3020075857639313
nan,nan,0.8894196152687073,0.30296796560287476
nan,nan,0.8958223462104797,0.2955448031425476
nan,nan,0.8966553211212158,0.2969520688056946
nan,nan,0.8941613435745239,0.32250213623046875
nan,nan,0.898222804069519,0.31254345178604126
nan,nan,0.9463828802108765,0.3123508393764496
nan,nan,1.0916316509246826,0.39002832770347595
nan,nan,0.8724527955055237,0.34527406096458435
nan,nan,0.8871399164199829,0.3248997926712036
nan,nan,0.9032654166221619,0.3277159035205841
nan,nan,0.9224184155464172,0.3213394284248352
nan,nan,0.9278557896614075,0.30839869379997253
nan,nan,0.8982423543930054,0.30906417965888977
nan,nan,0.9017134308815002,0.3185946047306061
nan,nan,0.9182516932487488,0.31075525283813477
nan,nan,0.9020653963088989,0.296307772397995
nan,nan,0.7489618062973022,0.3365938663482666
nan,nan,0.7489618062973022,0.3365938663482666
nan,nan,0.617716372013092,0.5385977625846863
nan,nan,0.617716372013092,0.5385977625846863
nan,nan,0.6891473531723022,0.5583646297454834
nan,nan,0.699314534664154,0.5719410181045532
nan,nan,0.6883768439292908,0.5872930288314819
nan,nan,0.673401951789856,0.580464780330658
nan,nan,0.6732174158096313,0.6002939343452454
nan,nan,0.6985072493553162,0.6230447292327881
nan,nan,0.7174304127693176,0.6145027279853821
nan,nan,0.7009055614471436,0.5877954363822937
nan,nan,0.6916185021400452,0.5853944420814514
nan,nan,0.7082317471504211,0.6269698143005371
nan,nan,0.6886210441589355,0.6292411684989929
nan,nan,0.6631291508674622,0.588694155216217
nan,nan,0.7007336020469666,0.5948014855384827
nan,nan,0.7007336020469666,0.5948014855384827
nan,nan,0.6963119506835938,0.599780261516571
nan,nan,0.6963119506835938,0.599780261516571
nan,nan,0.7021835446357727,0.6116697788238525
nan,nan,0.7021835446357727,0.6116697788238525
nan,nan,0.7034325003623962,0.6159597635269165
nan,nan,0.7034325003623962,0.6159597635269165
nan,nan,0.6935354471206665,0.604553759098053
nan,nan,0.6935354471206665,0.604553759098053
1.1580631732940674,0.8033303022384644,0.684583306312561,0.589827299118042
1.1580631732940674,0.8033303022384644,0.684583306312561,0.589827299118042
1.175257682800293,0.7959775328636169,0.6815133094787598,0.5926682353019714
1.175257682800293,0.7959775328636169,0.6815133094787598,0.5926682353019714
1.1783713102340698,0.8113150596618652,0.6910772919654846,0.6133559942245483
1.1783713102340698,0.8113150596618652,0.6910772919654846,0.6133559942245483
1.1638569831848145,0.79417484998703,0.6882153153419495,0.625069260597229
1.1638569831848145,0.79417484998703,0.6882153153419495,0.625069260597229
nan,nan,0.6918365359306335,0.6162993311882019
nan,nan,0.6918365359306335,0.6162993311882019
nan,nan,0.6947153210639954,0.6011094450950623
nan,nan,0.6947153210639954,0.6011094450950623
nan,nan,0.6916675567626953,0.5925167202949524
nan,nan,0.721156895160675,0.7104195356369019
nan,nan,0.7913827896118164,0.9911933541297913
nan,nan,nan,nan
nan,nan,0.6954813599586487,0.6193642020225525
nan,nan,0.6954813599586487,0.6193642020225525
nan,nan,nan,nan
nan,nan,0.8017853498458862,0.5683881640434265
1.1807681322097778,0.8186907768249512,0.7233275771141052,0.5952377319335938
1.1807681322097778,0.8186907768249512,0.6883522868156433,0.6072067618370056
1.1494570970535278,0.8447229266166687,0.702982485294342,0.6425099968910217
1.1494570970535278,0.8447229266166687,0.702982485294342,0.6425099968910217
1.1822590827941895,0.8288323283195496,0.7137913107872009,0.6389527320861816
1.1822590827941895,0.8288323283195496,0.7303287982940674,0.6693329811096191
nan,nan,0.7244406938552856,0.6628219485282898
nan,nan,0.7052441239356995,0.6295011639595032
1.1980031728744507,0.8157432079315186,0.7166294455528259,0.63294517993927
1.1980031728744507,0.8157432079315186,0.7166294455528259,0.63294517993927
1.1948179006576538,0.806609570980072,0.7114728093147278,0.6265696883201599
1.1948179006576538,0.806609570980072,0.7114728093147278,0.6265696883201599
nan,nan,0.7227945327758789,0.6223750114440918
nan,nan,0.7227945327758789,0.6223750114440918
nan,nan,0.7078875303268433,0.6193758845329285
nan,nan,0.7078875303268433,0.6193758845329285
nan,nan,0.6980395913124084,0.6275370121002197
nan,nan,0.6980395913124084,0.6275370121002197
nan,nan,0.7180617451667786,0.6267684102058411
nan,nan,0.7180617451667786,0.6267684102058411
nan,nan,0.702531099319458,0.637493371963501
nan,nan,0.702531099319458,0.637493371963501
nan,nan,0.6665270924568176,0.3129165768623352
nan,nan,0.6665270924568176,0.3129165768623352
nan,nan,0.7166245579719543,0.2725556790828705
nan,nan,0.7166245579719543,0.2725556790828705
nan,nan,0.7076933979988098,0.27727580070495605
nan,nan,0.7076933979988098,0.27727580070495605
nan,nan,0.7140390276908875,0.29277747869491577
nan,nan,0.7140390276908875,0.29277747869491577
nan,nan,0.6991407871246338,0.29541999101638794
nan,nan,0.6991407871246338,0.29541999101638794
nan,nan,0.7047154903411865,0.27441835403442383
nan,nan,0.6990289092063904,0.2779073715209961
nan,nan,0.6985249519348145,0.2641817033290863
nan,nan,0.7039951086044312,0.2547992467880249
nan,nan,0.7112310528755188,0.297927588224411
nan,nan,0.8041238188743591,0.3221209645271301
nan,nan,1.0148316621780396,0.37699854373931885
nan,nan,nan,nan
nan,nan,0.7003263831138611,0.26173338294029236
nan,nan,0.7003263831138611,0.26173338294029236
nan,nan,0.7137702703475952,0.24198080599308014
nan,nan,0.7766993641853333,0.25863581895828247
nan,nan,0.9172309637069702,0.2958293557167053
nan,nan,nan,nan
nan,nan,0.7337219715118408,0.25409841537475586
nan,nan,0.7337219715118408,0.25409841537475586
nan,nan,0.7565804719924927,0.252539724111557
nan,nan,0.7759937644004822,0.24024881422519684
nan,nan,0.7656052112579346,0.232081338763237
nan,nan,0.7417123317718506,0.24085035920143127
nan,nan,0.7345947027206421,0.2533964216709137
nan,nan,0.7345947027206421,0.2533964216709137
nan,nan,0.7145033478736877,0.26671358942985535
nan,nan,0.7780070900917053,0.2869282364845276
nan,nan,0.9146581888198853,0.3304273188114166
nan,nan,0.9308752417564392,0.30940011143684387
nan,nan,0.9308752417564392,0.30940011143684387
nan,nan,0.8293026685714722,0.2811305820941925
nan,nan,0.7537558078765869,0.2691323161125183
nan,nan,0.7348748445510864,0.27062326669692993
nan,nan,0.738418459892273,0.26447373628616333
nan,nan,0.7240545153617859,0.25458741188049316
nan,nan,0.7271201014518738,0.273210346698761
nan,nan,0.7705395221710205,0.29188215732574463
nan,nan,0.7882528901100159,0.29299208521842957
nan,nan,0.7528409957885742,0.27482202649116516
nan,nan,0.7239935994148254,0.2622581124305725
nan,nan,0.7239935994148254,0.2622581124305725
nan,nan,0.723681628704071,0.27354317903518677
nan,nan,0.723681628704071,0.27354317903518677
nan,nan,0.7299678325653076,0.25434204936027527
nan,nan,0.7425010204315186,0.2780930697917938
nan,nan,0.7298845648765564,0.285910964012146
nan,nan,0.7119050025939941,0.2655348777770996
nan,nan,0.7924842834472656,0.2623429000377655
nan,nan,0.7800594568252563,0.26539814472198486
nan,nan,0.7661992311477661,0.2668153643608093
nan,nan,0.7835618853569031,0.2716502547264099
nan,nan,0.7901250720024109,0.27151089906692505
nan,nan,0.7886545658111572,0.2730400860309601
nan,nan,0.7855253219604492,0.2752619683742523
nan,nan,0.7953485250473022,0.26336556673049927
nan,nan,0.7751689553260803,0.24735796451568604
nan,nan,0.7489497065544128,0.24456800520420074
nan,nan,0.7609228491783142,0.24908772110939026
nan,nan,0.7609228491783142,0.24908772110939026
nan,nan,0.7662978172302246,0.2543300986289978
nan,nan,0.7710469365119934,0.2603212594985962
nan,nan,0.769677996635437,0.2683630883693695
nan,nan,0.7483421564102173,0.25946512818336487
nan,nan,0.7335883975028992,0.24291002750396729
nan,nan,0.7429681420326233,0.24206191301345825
nan,nan,0.7534534335136414,0.25813379883766174
nan,nan,0.7534534335136414,0.25813379883766174
nan,nan,0.7554402947425842,0.2476358264684677
nan,nan,0.7554402947425842,0.2476358264684677
nan,nan,0.7710153460502625,0.2605741024017334
nan,nan,0.765566349029541,0.25686749815940857
nan,nan,0.761387050151825,0.2627967894077301
nan,nan,0.7702759504318237,0.2730826735496521
nan,nan,0.7566291689872742,0.2634549140930176
nan,nan,0.7543095946311951,0.260844886302948
nan,nan,0.747238278388977,0.2592830955982208
nan,nan,0.7349862456321716,0.2527088224887848
nan,nan,0.7476577162742615,0.24143892526626587
nan,nan,0.7449465990066528,0.2530019283294678
nan,nan,0.7549606561660767,0.26222994923591614
nan,nan,0.768046498298645,0.25417977571487427
nan,nan,0.7607765197753906,0.2575831413269043
nan,nan,0.7514864802360535,0.25947704911231995
nan,nan,0.766741156578064,0.260753870010376
nan,nan,0.7691015601158142,0.26026037335395813
nan,nan,0.770778477191925,0.2592773139476776
nan,nan,0.7691388726234436,0.2593482434749603
nan,nan,0.7668701410293579,0.27012428641319275
nan,nan,0.7668701410293579,0.27012428641319275
nan,nan,0.7607943415641785,0.2674027383327484
nan,nan,0.7607943415641785,0.2674027383327484
nan,nan,0.7615394592285156,0.27062129974365234
nan,nan,0.7615394592285156,0.27062129974365234
nan,nan,0.7628728747367859,0.2737957537174225
nan,nan,0.7628728747367859,0.2737957537174225
nan,nan,0.7345477938652039,0.242050439119339
nan,nan,0.7377052307128906,0.24886777997016907
nan,nan,0.7504755854606628,0.2605475187301636
nan,nan,0.7526925206184387,0.258645623922348
nan,nan,0.7672076225280762,0.25927484035491943
nan,nan,0.7672076225280762,0.25927484035491943
nan,nan,0.7679377794265747,0.2502554953098297
nan,nan,0.7679377794265747,0.2502554953098297
nan,nan,0.7513787746429443,0.24954518675804138
nan,nan,0.7812451124191284,0.24543216824531555
nan,nan,0.7917194366455078,0.2476806342601776
nan,nan,0.7664782404899597,0.2527864873409271
nan,nan,0.7496997117996216,0.26858580112457275
nan,nan,0.7917913198471069,0.26657840609550476
nan,nan,0.7721633911132812,0.29693153500556946
nan,nan,0.7214046716690063,0.3123418986797333
nan,nan,0.7374504208564758,0.6301828622817993
nan,nan,0.7374504208564758,0.6301828622817993
nan,nan,0.7519903182983398,0.6108326315879822
nan,nan,0.7519903182983398,0.6108326315879822
nan,nan,0.7289709448814392,0.619952917098999
nan,nan,0.7289709448814392,0.619952917098999
nan,nan,nan,nan
nan,nan,nan,nan
nan,nan,0.7216629385948181,0.6064818501472473
nan,nan,0.7273516654968262,0.6063050627708435
nan,nan,0.7447760105133057,0.61424720287323
nan,nan,0.7470555305480957,0.6180558800697327
nan,nan,0.7144611477851868,0.6014066338539124
nan,nan,0.7144611477851868,0.6014066338539124
nan,nan,0.7275874018669128,0.613425076007843
nan,nan,0.7275874018669128,0.613425076007843
nan,nan,0.72678142786026,0.6075080037117004
nan,nan,0.72678142786026,0.6075080037117004
nan,nan,0.7150960564613342,0.6002298593521118
nan,nan,0.7150960564613342,0.6002298593521118
nan,nan,0.717858612537384,0.6396388411521912
nan,nan,0.7115756273269653,0.6844030022621155
nan,nan,0.7127737402915955,0.6771316528320312
nan,nan,0.8478554487228394,0.7035354971885681
nan,nan,1.1735997200012207,0.8922657370567322
nan,nan,nan,nan
1.1974893808364868,0.8342097401618958,0.7275343537330627,0.625183641910553
1.1974893808364868,0.8342097401618958,0.7275343537330627,0.625183641910553
nan,nan,0.7301887273788452,0.6209386587142944
nan,nan,0.7301887273788452,0.6209386587142944
nan,nan,0.7229949831962585,0.6008267402648926
nan,nan,0.7229949831962585,0.6008267402648926
nan,nan,0.7219080924987793,0.6098834872245789
nan,nan,0.7219080924987793,0.6098834872245789
nan,nan,0.7310605645179749,0.6197525858879089
nan,nan,0.7310605645179749,0.6197525858879089
1.198877215385437,0.8554434180259705,0.7169464230537415,0.6097216606140137
1.198877215385437,0.8554434180259705,0.7169464230537415,0.6097216606140137
nan,nan,0.7142675518989563,0.5911014676094055
nan,nan,0.7142675518989563,0.5911014676094055
nan,nan,0.7087265253067017,0.5908063650131226
nan,nan,0.7087265253067017,0.5908063650131226
nan,nan,0.7157464027404785,0.5916454792022705
nan,nan,0.8380101919174194,0.6318615674972534
1.1945841312408447,0.8130927085876465,1.1216201782226562,0.7251489758491516
1.1945841312408447,0.8130927085876465,nan,nan
nan,nan,0.7080527544021606,0.6375824213027954
nan,nan,0.7080527544021606,0.6375824213027954
1.198798656463623,0.8262049555778503,0.7050038576126099,0.6221671104431152
1.198798656463623,0.8262049555778503,0.7050038576126099,0.6221671104431152
1.1944494247436523,0.8395856618881226,0.6869689226150513,0.6018816232681274
1.1944494247436523,0.8395856618881226,0.6869689226150513,0.6018816232681274
1.1806241273880005,0.8433902263641357,0.7235002517700195,0.6041467189788818
1.1806241273880005,0.8433902263641357,0.7235002517700195,0.6041467189788818
1.0889043807983398,0.4995437264442444,0.5378997325897217,0.3053564131259918
1.0889043807983398,0.4995437264442444,0.5378997325897217,0.3053564131259918
1.0190403461456299,0.494556188583374,0.5604596138000488,0.2663087844848633
1.0190403461456299,0.494556188583374,0.5604596138000488,0.2663087844848633
1.0669963359832764,0.49048277735710144,0.5597256422042847,0.2631826400756836
1.0669963359832764,0.49048277735710144,0.5597256422042847,0.2631826400756836
1.0418791770935059,0.48846155405044556,0.5581639409065247,0.2642165422439575
1.0418791770935059,0.48846155405044556,0.5581639409065247,0.2642165422439575
1.0525593757629395,0.48666253685951233,0.5585527420043945,0.24727071821689606
1.0525593757629395,0.48666253685951233,0.5585527420043945,0.24727071821689606
1.058660864830017,0.47517064213752747,0.5531925559043884,0.27306437492370605
1.058660864830017,0.47517064213752747,0.5531925559043884,0.27306437492370605
1.0881823301315308,0.4810726046562195,0.5951018929481506,0.2659173011779785
1.0881823301315308,0.4810726046562195,0.5951018929481506,0.2659173011779785
1.0298916101455688,0.4985019862651825,0.5089766979217529,0.2609962821006775
1.0298916101455688,0.4985019862651825,0.5089766979217529,0.2609962821006775
0.991477370262146,0.4710547924041748,0.5186460018157959,0.25509950518608093
0.991477370262146,0.4710547924041748,0.522071123123169,0.263884037733078
nan,nan,0.5247538685798645,0.250395268201828
nan,nan,0.579285740852356,0.26128673553466797
nan,nan,0.7073217630386353,0.3185613453388214
nan,nan,nan,nan
nan,nan,0.5311769247055054,0.24601143598556519
nan,nan,0.5311769247055054,0.24601143598556519
nan,nan,0.5308048725128174,0.2860530614852905
nan,nan,0.5308048725128174,0.2860530614852905
nan,nan,0.5175704956054688,0.2811250686645508
nan,nan,0.5087354183197021,0.27945637702941895
nan,nan,0.5045870542526245,0.27840113639831543
nan,nan,0.5121249556541443,0.28140538930892944
nan,nan,0.5154721736907959,0.27332034707069397
nan,nan,0.5065894722938538,0.28199243545532227
nan,nan,0.4863550066947937,0.29397743940353394
nan,nan,0.4715454578399658,0.27725452184677124
nan,nan,0.46884050965309143,0.28436994552612305
nan,nan,0.4833543300628662,0.2954031825065613
nan,nan,0.5262331366539001,0.2900526523590088
nan,nan,0.5892025232315063,0.2590799629688263
nan,nan,0.584918200969696,0.2502168118953705
nan,nan,0.522754430770874,0.2608502507209778
nan,nan,0.5411317944526672,0.25123393535614014
nan,nan,0.5468825697898865,0.263057142496109
nan,nan,0.5433261394500732,0.2691997289657593
nan,nan,0.5422981381416321,0.2665337026119232
nan,nan,0.5530036687850952,0.2615559995174408
nan,nan,0.5624140501022339,0.23458771407604218
nan,nan,0.5522353053092957,0.23488210141658783
nan,nan,0.5407705903053284,0.24295490980148315
nan,nan,0.5257594585418701,0.2515583634376526
nan,nan,0.5815746784210205,0.2747199833393097
nan,nan,0.5871164202690125,0.2742428481578827
nan,nan,0.5271860361099243,0.26765429973602295
nan,nan,0.5229198932647705,0.24877500534057617
nan,nan,0.5243533849716187,0.24673397839069366
nan,nan,0.5101025700569153,0.2643890380859375
nan,nan,0.5074124336242676,0.2635890543460846
nan,nan,0.5087641477584839,0.25436750054359436
nan,nan,0.5093435049057007,0.25341466069221497
nan,nan,0.514146089553833,0.24856264889240265
nan,nan,0.5209096670150757,0.23810634016990662
nan,nan,0.5073060989379883,0.2588866055011749
nan,nan,0.5046311020851135,0.2695048153400421
nan,nan,0.5269845128059387,0.25119051337242126
nan,nan,0.5181893706321716,0.24611079692840576
nan,nan,0.5103843212127686,0.23642030358314514
nan,nan,0.5211376547813416,0.24474859237670898
nan,nan,0.5314670205116272,0.2508949637413025
nan,nan,0.5399729013442993,0.24656444787979126
nan,nan,0.5347588658332825,0.25036776065826416
nan,nan,0.533388614654541,0.24375809729099274
nan,nan,0.5482134222984314,0.24740055203437805
nan,nan,0.5198070406913757,0.24850872159004211
nan,nan,0.5109831690788269,0.253750205039978
nan,nan,0.547824501991272,0.2584332227706909
nan,nan,0.5455846190452576,0.2600112557411194
nan,nan,0.5344504117965698,0.24618445336818695
nan,nan,0.5451332926750183,0.25160908699035645
nan,nan,0.5306744575500488,0.26968035101890564
nan,nan,0.5200671553611755,0.2594098746776581
nan,nan,0.5160483717918396,0.2687597870826721
nan,nan,0.5198909044265747,0.26414915919303894
nan,nan,0.53889399766922,0.2497795671224594
nan,nan,0.5340943932533264,0.24343612790107727
nan,nan,0.5255774259567261,0.2589145600795746
nan,nan,0.5117820501327515,0.2605400085449219
nan,nan,0.5083274841308594,0.23800894618034363
nan,nan,0.5020768642425537,0.2497452348470688
nan,nan,0.5114705562591553,0.2579164505004883
nan,nan,0.5411050915718079,0.26668182015419006
nan,nan,0.5475298166275024,0.2753017246723175
nan,nan,0.5963173508644104,0.2357195019721985
nan,nan,0.6156784892082214,0.22937026619911194
nan,nan,0.6036624908447266,0.2267935574054718
nan,nan,0.578843891620636,0.23197250068187714
nan,nan,0.5761810541152954,0.24702328443527222
nan,nan,0.5596592426300049,0.25119274854660034
nan,nan,0.5667509436607361,0.2733118534088135
nan,nan,0.5842403769493103,0.27136528491973877
nan,nan,0.5804670453071594,0.2763437330722809
nan,nan,0.5831352472305298,0.28788548707962036
nan,nan,0.5817115306854248,0.2819236218929291
nan,nan,0.5788836479187012,0.2777389585971832
nan,nan,0.5969693064689636,0.2600966691970825
nan,nan,0.6098241806030273,0.2653806507587433
nan,nan,0.6079827547073364,0.26513248682022095
nan,nan,0.5901273488998413,0.26972657442092896
nan,nan,0.58910071849823,0.24762676656246185
nan,nan,0.5927990674972534,0.2274339199066162
nan,nan,0.6009962558746338,0.25528231263160706
nan,nan,0.6009962558746338,0.25528231263160706
nan,nan,0.6320735216140747,0.503513753414154
nan,nan,0.6320735216140747,0.503513753414154
nan,nan,nan,nan
nan,nan,nan,nan
nan,nan,nan,nan
nan,nan,nan,nan
nan,nan,0.788835346698761,1.1511240005493164
nan,nan,0.788835346698761,1.1511240005493164
1.1401835680007935,1.1197022199630737,0.778441846370697,0.8157392144203186
1.1401835680007935,1.1197022199630737,0.778441846370697,0.8157392144203186
nan,nan,0.7753117084503174,0.6389687061309814
nan,nan,0.7753117084503174,0.6389687061309814
nan,nan,0.7733731269836426,0.6108697056770325
nan,nan,0.7733731269836426,0.6108697056770325
nan,nan,0.7763825058937073,0.5804099440574646
nan,nan,0.7763825058937073,0.5804099440574646
nan,nan,0.7709402441978455,0.5955196022987366
nan,nan,0.7709402441978455,0.5955196022987366
nan,nan,0.7977118492126465,0.5917346477508545
nan,nan,0.7977118492126465,0.5917346477508545
nan,nan,0.7791196703910828,0.6089223027229309
nan,nan,0.7791196703910828,0.6089223027229309
nan,nan,0.7948393821716309,0.5800588130950928
nan,nan,0.7948393821716309,0.5800588130950928
nan,nan,0.7722209692001343,0.6207950115203857
nan,nan,0.8193902969360352,0.7207196950912476
nan,nan,0.9417992234230042,0.9800336360931396
nan,nan,nan,nan
nan,nan,0.7715131044387817,0.6215848326683044
nan,nan,0.7715131044387817,0.6215848326683044
nan,nan,0.7526983022689819,0.6040278673171997
nan,nan,0.7526983022689819,0.6040278673171997
nan,nan,0.7609888911247253,0.6399720311164856
nan,nan,0.7609888911247253,0.6399720311164856
nan,nan,0.7736226320266724,0.6256818175315857
nan,nan,0.7736226320266724,0.6256818175315857
nan,nan,0.7781296372413635,0.6126885414123535
nan,nan,0.7781296372413635,0.6126885414123535
nan,nan,0.7545917630195618,0.6328842043876648
nan,nan,0.7545917630195618,0.6328842043876648
nan,nan,0.7398637533187866,0.6424071192741394
nan,nan,0.7398637533187866,0.6424071192741394
nan,nan,0.7910124659538269,0.6501317620277405
nan,nan,0.7910124659538269,0.6501317620277405
nan,nan,0.7717204093933105,0.656954824924469
nan,nan,0.7717204093933105,0.656954824924469
nan,nan,0.7482779622077942,0.6383841633796692
nan,nan,0.7482779622077942,0.6383841633796692
nan,nan,0.7576130032539368,0.6273307204246521
nan,nan,0.7576130032539368,0.6273307204246521
nan,nan,0.7813320755958557,0.6188283562660217
nan,nan,0.7813320755958557,0.6188283562660217
nan,nan,0.773634672164917,0.6108489036560059
nan,nan,0.773634672164917,0.6108489036560059
nan,nan,0.861024022102356,0.3818477392196655
nan,nan,0.861024022102356,0.3818477392196655
nan,nan,0.9031720757484436,0.28642669320106506
nan,nan,0.9031720757484436,0.28642669320106506
nan,nan,0.8937115669250488,0.2807963490486145
nan,nan,0.8872225284576416,0.4023021459579468
nan,nan,0.8696702122688293,0.7309677004814148
nan,nan,nan,nan
nan,nan,0.8740078806877136,0.30374854803085327
nan,nan,0.8740078806877136,0.30374854803085327
nan,nan,0.892211377620697,0.3027222454547882
nan,nan,0.892211377620697,0.3027222454547882
nan,nan,0.8635359406471252,0.286180317401886
nan,nan,0.8778672218322754,0.2861810624599457
nan,nan,0.8919317722320557,0.27725157141685486
nan,nan,0.8871326446533203,0.28365179896354675
nan,nan,0.8863258957862854,0.26973095536231995
nan,nan,0.8952993750572205,0.26167652010917664
nan,nan,0.8736447691917419,0.27247557044029236
nan,nan,0.86918044090271,0.2744278013706207
nan,nan,0.9077003002166748,0.27851995825767517
nan,nan,0.9144627451896667,0.2626425325870514
nan,nan,0.9067718982696533,0.26642417907714844
nan,nan,0.9021265506744385,0.2912667691707611
nan,nan,0.9072137475013733,0.29505810141563416
nan,nan,0.8951669931411743,0.27284878492355347
nan,nan,0.9055971503257751,0.27643707394599915
nan,nan,0.9135485291481018,0.28852906823158264
nan,nan,0.9160909056663513,0.28824251890182495
nan,nan,0.922389030456543,0.28657063841819763
nan,nan,0.907603919506073,0.28066691756248474
nan,nan,0.909821093082428,0.2785692512989044
nan,nan,0.8984278440475464,0.279738187789917
nan,nan,0.9042937159538269,0.27992168068885803
nan,nan,0.9203822612762451,0.2676198482513428
nan,nan,0.9116657376289368,0.2685645520687103
nan,nan,0.9144273400306702,0.2653310000896454
nan,nan,0.9286154508590698,0.27792149782180786
nan,nan,0.9194997549057007,0.28196677565574646
nan,nan,0.8987745046615601,0.26678910851478577
nan,nan,0.8991971611976624,0.2818962335586548
nan,nan,0.9150559306144714,0.29366976022720337
nan,nan,0.9053329229354858,0.29844850301742554
nan,nan,0.8812459111213684,0.2887207567691803
nan,nan,0.7501819133758545,0.2852497696876526
nan,nan,0.6937123537063599,0.28366732597351074
nan,nan,0.5261237025260925,0.294399231672287
nan,nan,0.5244001150131226,0.3014228940010071
nan,nan,0.5304418206214905,0.30357497930526733
nan,nan,0.5345243215560913,0.2973915934562683
nan,nan,0.5384889841079712,0.2926219701766968
nan,nan,0.5380529165267944,0.2920955717563629
nan,nan,0.5392303466796875,0.2864004671573639
nan,nan,0.5401303768157959,0.28468284010887146
nan,nan,0.5487790703773499,0.2865351736545563
nan,nan,0.5487790703773499,0.2865351736545563
nan,nan,0.5375074744224548,0.27622154355049133
nan,nan,0.5375074744224548,0.27622154355049133
nan,nan,0.5253040194511414,0.27965059876441956
nan,nan,0.5253040194511414,0.27965059876441956
nan,nan,0.5370890498161316,0.3028532564640045
nan,nan,0.5508863925933838,0.30364763736724854
nan,nan,0.5462325215339661,0.2938196063041687
nan,nan,0.5484445691108704,0.2929627001285553
nan,nan,0.5515971779823303,0.28734448552131653
nan,nan,0.6248413920402527,0.36220452189445496
nan,nan,0.8494788408279419,0.5655190944671631
nan,nan,0.5166696310043335,0.262565940618515
nan,nan,0.5324943661689758,0.2634414732456207
nan,nan,0.556077241897583,0.27370262145996094
nan,nan,0.5435818433761597,0.292213499546051
nan,nan,0.5214502811431885,0.2898293137550354
nan,nan,0.5427034497261047,0.28137335181236267
nan,nan,0.5439820885658264,0.2659299671649933
nan,nan,0.537948727607727,0.27315667271614075
nan,nan,0.5340184569358826,0.29177623987197876
nan,nan,0.5448037981987,0.2873910069465637
nan,nan,0.5354419350624084,0.2847362160682678
nan,nan,0.5259387493133545,0.28626519441604614
nan,nan,0.533991277217865,0.30127474665641785
nan,nan,0.5151677131652832,0.3114209771156311
nan,nan,0.5102041363716125,0.3051232397556305
nan,nan,0.5254958271980286,0.30696043372154236
nan,nan,0.5465186238288879,0.32761067152023315
nan,nan,0.5270159244537354,0.2998580038547516
nan,nan,0.4987208843231201,0.26727229356765747
nan,nan,0.5691152215003967,0.29255399107933044
nan,nan,0.7082282304763794,0.285260409116745
nan,nan,1.0396909713745117,0.26788216829299927
nan,nan,nan,nan
nan,nan,0.57786625623703,0.31700199842453003
nan,nan,0.57786625623703,0.31700199842453003
nan,nan,0.5653643012046814,0.30424055457115173
nan,nan,0.5653643012046814,0.30424055457115173
nan,nan,0.5126480460166931,0.287613183259964
nan,nan,0.5126480460166931,0.287613183259964
nan,nan,0.5142014622688293,0.283042848110199
nan,nan,0.5142014622688293,0.283042848110199
nan,nan,0.5307524800300598,0.28050822019577026
nan,nan,0.5307524800300598,0.28050822019577026
nan,nan,0.5537184476852417,0.27304449677467346
nan,nan,0.5354185700416565,0.2811294198036194
nan,nan,0.5466969609260559,0.2939084470272064
nan,nan,0.6720969676971436,0.35439783334732056
nan,nan,0.919455349445343,0.5069217085838318
nan,nan,0.7533084750175476,0.2912529408931732
nan,nan,0.7533084750175476,0.2912529408931732
nan,nan,0.563571572303772,0.3383043110370636
nan,nan,0.559984564781189,0.31139257550239563
nan,nan,0.5524694323539734,0.2978441119194031
nan,nan,0.5431075096130371,0.29812827706336975
nan,nan,0.545146644115448,0.3004864752292633
nan,nan,0.5365341305732727,0.3122981786727905
nan,nan,0.5365341305732727,0.3122981786727905
nan,nan,0.5503284931182861,0.31077075004577637
nan,nan,0.6164212822914124,0.2901873290538788
nan,nan,0.7687641978263855,0.2427428662776947
nan,nan,nan,nan
nan,nan,0.5558474063873291,0.3049660623073578
nan,nan,0.5872582197189331,0.3041820824146271
nan,nan,0.5739222168922424,0.30254459381103516
nan,nan,0.5418117046356201,0.31371355056762695
nan,nan,0.5319770574569702,0.32563889026641846
nan,nan,0.5232632160186768,0.31922411918640137
nan,nan,0.5481134057044983,0.30988097190856934
nan,nan,0.5384132862091064,0.3272479772567749
nan,nan,0.5325850248336792,0.3082731366157532
nan,nan,0.5399635434150696,0.28334784507751465
nan,nan,0.5333220958709717,0.30580276250839233
nan,nan,0.5333220958709717,0.30580276250839233
nan,nan,0.5442754030227661,0.296272873878479
nan,nan,0.5442754030227661,0.296272873878479
nan,nan,0.5471217036247253,0.288415789604187
nan,nan,0.5812361240386963,0.3115442991256714
nan,nan,0.605429470539093,0.3149806261062622
nan,nan,0.5927544832229614,0.3105965852737427
nan,nan,0.6014471054077148,0.31389814615249634
nan,nan,0.5936548709869385,0.2979419231414795
nan,nan,0.5828756093978882,0.30604758858680725
nan,nan,0.6733747720718384,0.29964953660964966
nan,nan,0.8852349519729614,0.2846715748310089
nan,nan,nan,nan
nan,nan,nan,nan
nan,nan,nan,nan
nan,nan,0.9748692512512207,1.2945832014083862
nan,nan,0.9748692512512207,1.2945832014083862
nan,nan,nan,nan
nan,nan,nan,nan
nan,nan,0.7607474327087402,0.6090400218963623
nan,nan,0.7607474327087402,0.6090400218963623
nan,nan,0.7557072043418884,0.5840708017349243
nan,nan,0.7939640879631042,0.6896572113037109
nan,nan,0.8806471824645996,0.9288969039916992
nan,nan,nan,nan
nan,nan,0.778363049030304,0.5799432396888733
nan,nan,0.778363049030304,0.5799432396888733
nan,nan,0.7668814659118652,0.5753955245018005
nan,nan,0.7668814659118652,0.5753955245018005
nan,nan,0.7772567868232727,0.5804072618484497
nan,nan,0.7772567868232727,0.5804072618484497
nan,nan,0.7949845790863037,0.5807785391807556
nan,nan,0.7949845790863037,0.5807785391807556
nan,nan,0.7722798585891724,0.5837591290473938
nan,nan,0.823989748954773,0.6579227447509766
nan,nan,0.9335936307907104,0.8151194453239441
nan,nan,nan,nan
nan,nan,0.7682448625564575,0.6177869439125061
nan,nan,0.7682448625564575,0.6177869439125061
nan,nan,0.7761319875717163,0.6030016541481018
nan,nan,0.8234409689903259,0.686066746711731
nan,nan,0.9383562207221985,0.8878347873687744
nan,nan,nan,nan
nan,nan,0.7556334733963013,0.6236814856529236
nan,nan,0.7556334733963013,0.6236814856529236
nan,nan,0.7597999572753906,0.6115033030509949
nan,nan,0.7597999572753906,0.6115033030509949
nan,nan,0.7613843679428101,0.6113792061805725
nan,nan,0.7613843679428101,0.6113792061805725
nan,nan,0.7787734270095825,0.6056446433067322
nan,nan,0.7787734270095825,0.6056446433067322
nan,nan,0.7031286358833313,0.6317556500434875
nan,nan,0.7031286358833313,0.6317556500434875
1.1956616640090942,0.8135561943054199,0.711447536945343,0.6335445642471313
1.1956616640090942,0.8135561943054199,0.711447536945343,0.6335445642471313
nan,nan,0.7195554971694946,0.640347957611084
nan,nan,0.7195554971694946,0.640347957611084
nan,nan,0.7264329195022583,0.6462081074714661
nan,nan,0.7264329195022583,0.6462081074714661
nan,nan,0.7258443236351013,0.6357301473617554
nan,nan,0.7258443236351013,0.6357301473617554
nan,nan,0.72598797082901,0.6282505989074707
nan,nan,0.72598797082901,0.6282505989074707
nan,nan,0.7741257548332214,0.5328972935676575
nan,nan,0.7741257548332214,0.5328972935676575
nan,nan,0.8433959484100342,0.3210207223892212
nan,nan,0.8433959484100342,0.3210207223892212
nan,nan,0.8362031579017639,0.36880379915237427
nan,nan,0.8362031579017639,0.36880379915237427
nan,nan,0.8200674653053284,0.3531187176704407
nan,nan,0.8200674653053284,0.3531187176704407
nan,nan,0.8339143395423889,0.35414764285087585
nan,nan,0.8339143395423889,0.35414764285087585
nan,nan,0.8089183568954468,0.35877251625061035
nan,nan,0.8124343156814575,0.35041525959968567
nan,nan,0.8348904252052307,0.3442193865776062
nan,nan,0.8263034820556641,0.346102237701416
nan,nan,0.8460564017295837,0.31573233008384705
nan,nan,0.9073627591133118,0.2975110709667206
nan,nan,0.9050583243370056,0.2833574116230011
nan,nan,0.8669339418411255,0.2873021066188812
nan,nan,0.872037947177887,0.29880622029304504
nan,nan,0.873958170413971,0.30183735489845276
nan,nan,0.8652024269104004,0.30086827278137207
nan,nan,0.865315318107605,0.2933223247528076
nan,nan,0.8733353018760681,0.30204758048057556
nan,nan,0.8772280216217041,0.3101220428943634
nan,nan,0.8608354330062866,0.3120775520801544
nan,nan,0.8528009057044983,0.31652382016181946
nan,nan,0.8587557673454285,0.3234012722969055
nan,nan,0.8581083416938782,0.31605738401412964
nan,nan,0.8510159850120544,0.2981308102607727
nan,nan,0.861642599105835,0.30507123470306396
nan,nan,0.8755130767822266,0.32068121433258057
nan,nan,0.8722190856933594,0.3175202012062073
nan,nan,0.8716211915016174,0.31503260135650635
nan,nan,0.8889644145965576,0.3105715811252594
nan,nan,0.9009303450584412,0.31265196204185486
nan,nan,0.8810867667198181,0.32006412744522095
nan,nan,0.8943232893943787,0.32074660062789917
nan,nan,0.9053125381469727,0.3237099349498749
nan,nan,0.9076442718505859,0.316824346780777
nan,nan,0.8992539048194885,0.3188978135585785
nan,nan,0.8905619382858276,0.32604989409446716
nan,nan,0.9026399850845337,0.3253118097782135
nan,nan,0.885932445526123,0.31977155804634094
nan,nan,0.8586952090263367,0.31858789920806885
nan,nan,0.8533492088317871,0.3190619945526123
nan,nan,0.889057993888855,0.32671892642974854
nan,nan,0.9370343089103699,0.33598026633262634
nan,nan,0.9090369343757629,0.30466529726982117
nan,nan,0.9073231816291809,0.3037567138671875
nan,nan,0.9170740246772766,0.3285405933856964
nan,nan,0.903589129447937,0.3300711214542389
nan,nan,0.9122512936592102,0.3406151235103607
nan,nan,0.8915968537330627,0.35576269030570984
nan,nan,0.8777670860290527,0.3407338559627533
nan,nan,0.8987612128257751,0.32547318935394287
nan,nan,0.9126240015029907,0.3363763689994812
nan,nan,0.9103866219520569,0.3504890203475952
nan,nan,0.9084250330924988,0.339042991399765
nan,nan,0.9025658369064331,0.33376798033714294
nan,nan,0.9009561538696289,0.34320998191833496
nan,nan,0.8995801210403442,0.3311212658882141
nan,nan,0.8966957330703735,0.325958788394928
nan,nan,0.9087457060813904,0.32552066445350647
nan,nan,0.9037562608718872,0.3333730101585388
nan,nan,0.8903787136077881,0.34600692987442017
nan,nan,0.8961540460586548,0.33607813715934753
nan,nan,0.9163843989372253,0.33742624521255493
nan,nan,0.9231432676315308,0.33615708351135254
nan,nan,0.9064443707466125,0.3110930919647217
nan,nan,0.8882229328155518,0.30064356327056885
nan,nan,0.8914702534675598,0.31618258357048035
nan,nan,0.9048346281051636,0.32939964532852173
nan,nan,0.6964800357818604,0.45360398292541504
nan,nan,0.6964800357818604,0.45360398292541504
1.1880879402160645,0.7990566492080688,0.6896214485168457,0.6076807975769043
1.1880879402160645,0.7990566492080688,0.6996341943740845,0.6275342106819153
nan,nan,0.704531729221344,0.6122013926506042
nan,nan,0.7125030159950256,0.5987927913665771
nan,nan,0.7186566591262817,0.6044288873672485
nan,nan,0.7054277062416077,0.5936144590377808
nan,nan,0.7108539938926697,0.5973582863807678
nan,nan,0.7160651087760925,0.5815130472183228
1.19172203540802,0.7853828072547913,0.7127370834350586,0.5866678357124329
1.19172203540802,0.7853828072547913,0.7157784104347229,0.6032886505126953
nan,nan,0.7054653763771057,0.5903456807136536
nan,nan,0.6914030313491821,0.5862109661102295
nan,nan,0.6995330452919006,0.5975183248519897
nan,nan,0.7045380473136902,0.5954891443252563
nan,nan,0.7248319387435913,0.5964950323104858
nan,nan,0.7286094427108765,0.5989595055580139
1.1908258199691772,0.7945647239685059,0.6894405484199524,0.6066578030586243
1.1908258199691772,0.7945647239685059,0.6894405484199524,0.6066578030586243
1.1849281787872314,0.8207223415374756,0.6865959763526917,0.6223838329315186
1.1849281787872314,0.8207223415374756,0.6865959763526917,0.6223838329315186
1.19762122631073,0.8330955505371094,0.6964850425720215,0.643164873123169
1.19762122631073,0.8330955505371094,0.6964850425720215,0.643164873123169
nan,nan,0.6799569129943848,0.6293988227844238
nan,nan,0.6799569129943848,0.6293988227844238
nan,nan,0.6881601214408875,0.6108343005180359
nan,nan,0.6881601214408875,0.6108343005180359
1.049290418624878,1.2660679817199707,0.5342148542404175,1.0270487070083618
1.049290418624878,1.2660679817199707,0.5342148542404175,1.0270487070083618
nan,nan,nan,nan
